1980-06-18,53.36313449
1980-06-19,52.17510438
1980-06-20,52.39040436
1980-06-23,52.39040436
1980-06-24,52.39040436
1980-06-25,53.05461264
1980-06-26,53.05461264
1980-06-27,53.27872715
1980-06-30,52.76704158
1980-07-01,53.67083093
1980-07-02,54.11667230
1980-07-03,54.56095072
1980-07-07,56.68971695
1980-07-08,57.89199151
1980-07-09,57.89199151
1980-07-10,58.68064475
1980-07-11,58.40291061
1980-07-14,58.99424595
1980-07-15,60.69676090
1980-07-16,61.59648151
1980-07-17,62.80690234
1980-07-18,64.11967278
1980-07-21,64.11967278
1980-07-22,62.97342416
1980-07-23,62.12721979
1980-07-24,61.56720647
1980-07-25,60.73320412
1980-07-28,61.26610009
1980-07-29,63.60708088
1980-07-30,65.13571066
1980-07-31,65.43063247
1980-08-01,64.05484471
1980-08-04,64.80641095
1980-08-05,65.10283296
1980-08-06,64.27806023
1980-08-07,64.88066995
1980-08-08,65.61688771
1980-08-11,68.56218293
1980-08-12,68.68600627
1980-08-13,66.81488304
1980-08-14,66.81488304
1980-08-15,65.50035796
1980-08-18,62.98316293
1980-08-19,61.77764256
1980-08-20,62.79031161
1980-08-21,63.35389299
1980-08-22,63.63354732
1980-08-25,63.63354732
1980-08-26,63.63354732
1980-08-27,63.38019933
1980-08-28,62.62037570
1980-08-29,62.11630004
1980-09-02,62.87519957
1980-09-03,64.46557924
1980-09-04,64.88225187
1980-09-05,64.37118309
1980-09-08,61.89520289
1980-09-09,62.04346911
1980-09-10,61.07799483
1980-09-11,61.38315288
1980-09-12,61.13973271
1980-09-15,60.17019318
1980-09-16,61.71165218
1980-09-17,63.97704721
1980-09-18,64.11192903
1980-09-19,64.51643281
1980-09-22,63.07222532
1980-09-23,59.89513752
1980-09-24,59.03231320
1980-09-25,58.18092389
1980-09-26,57.13499870
1980-09-29,57.29095512
1980-09-30,58.36793461
1980-10-01,58.96835331
1980-10-02,58.75320833
1980-10-03,60.50930891
1980-10-06,63.53173376
1980-10-07,63.65455890
1980-10-08,61.95889082
1980-10-09,61.75008117
1980-10-10,60.91606940
1980-10-13,61.18230601
1980-10-14,61.44901545
1980-10-15,62.49595553
1980-10-16,62.06801257
1980-10-17,61.21638750
1980-10-20,60.37520693
1980-10-21,59.54421937
1980-10-22,60.10194550
1980-10-23,58.46460686
1980-10-24,56.89068618
1980-10-27,53.25052629
1980-10-28,54.72172898
1980-10-29,55.85062021
1980-10-30,49.85429410
1980-10-31,50.97962496
1980-11-03,50.97962496
1980-11-05,54.16265034
1980-11-06,51.07505978
1980-11-07,51.83561894
1980-11-10,51.56428244
1980-11-11,52.32465840
1980-11-12,53.79803661
1980-11-13,54.74502099
1980-11-14,56.55376484
1980-11-17,56.77308949
1980-11-18,57.85360855
1980-11-19,56.98565781
1980-11-20,56.41251141
1980-11-21,55.56134589
1980-11-24,54.72266871
1980-11-25,54.72266871
1980-11-26,54.95641511
1980-11-28,54.38609931
1980-12-01,50.64909219
1980-12-02,50.64909219
1980-12-03,51.14374569
1980-12-04,51.99896136
1980-12-05,49.12923793
1980-12-08,47.73334274
1980-12-09,49.43563279
1980-12-10,48.97281988
1980-12-11,47.83565400
1980-12-12,49.03751080
1980-12-15,49.03751080
1980-12-16,49.27857560
1980-12-17,48.57835290
1980-12-18,48.34581515
1980-12-19,46.53580052
1980-12-22,46.53580052
1980-12-23,47.29896739
1980-12-24,48.05217172
1980-12-26,49.03834613
1980-12-29,47.88430077
1980-12-30,48.37783430
1980-12-31,48.37783430
1981-01-02,48.37783430
1981-01-05,49.86992640
1981-01-06,48.91265157
1981-01-07,47.74906725
1981-01-08,47.06681846
1981-01-09,47.06681846
1981-01-12,46.38312684
1981-01-13,46.15617601
1981-01-14,46.42242514
1981-01-15,46.69025502
1981-01-16,48.51923709
1981-01-19,48.51923709
1981-01-20,47.32298359
1981-01-21,47.08718457
1981-01-22,47.08718457
1981-01-23,47.89066160
1981-01-26,46.92573169
1981-01-27,46.68679703
1981-01-28,46.68679703
1981-01-29,46.68679703
1981-01-30,45.95173387
1981-02-02,44.75877825
1981-02-03,46.45298618
1981-02-04,47.54233855
1981-02-05,48.60416308
1981-02-06,49.12718081
1981-02-09,49.12718081
1981-02-10,49.65553309
1981-02-11,48.88211835
1981-02-12,47.62635549
1981-02-13,47.62635549
1981-02-17,48.71349215
1981-02-18,48.98247887
1981-02-19,48.98247887
1981-02-20,47.19568002
1981-02-23,46.70138937
1981-02-24,46.45432525
1981-02-25,42.98936013
1981-02-26,42.55951879
1981-02-27,44.80178145
1981-03-02,45.87476350
1981-03-03,45.20547800
1981-03-04,44.76321123
1981-03-05,43.89114365
1981-03-06,43.89114365
1981-03-09,43.89114365
1981-03-10,44.45793224
1981-03-11,43.13036878
1981-03-12,45.07376807
1981-03-13,45.61305243
1981-03-16,45.88297678
1981-03-17,44.53646910
1981-03-18,45.08204595
1981-03-19,44.85797196
1981-03-20,45.94936701
1981-03-23,46.21973936
1981-03-24,46.49147781
1981-03-25,48.08990352
1981-03-26,47.60837658
1981-03-27,47.60837658
1981-03-30,47.60837658
1981-03-31,47.36002589
1981-04-01,47.63744490
1981-04-02,47.91632805
1981-04-03,47.40359333
1981-04-06,47.14744745
1981-04-07,46.38379277
1981-04-08,46.67618925
1981-04-09,46.41908691
1981-04-10,47.30348374
1981-04-13,49.82695975
1981-04-14,50.09661019
1981-04-15,50.36752332
1981-04-16,50.90885882
1981-04-20,50.90885882
1981-04-21,51.72365421
1981-04-22,52.26008489
1981-04-23,51.39015591
1981-04-24,51.66255740
1981-04-27,50.79516059
1981-04-28,50.22428403
1981-04-29,49.65747355
1981-04-30,49.09464642
1981-05-01,48.81374590
1981-05-04,47.97735492
1981-05-05,47.70055274
1981-05-06,47.70055274
1981-05-07,47.70055274
1981-05-08,47.70055274
1981-05-11,46.55779962
1981-05-12,46.55779962
1981-05-13,46.27193956
1981-05-14,47.25859913
1981-05-15,47.58446459
1981-05-18,47.58446459
1981-05-19,46.98557336
1981-05-20,48.94358608
1981-05-21,49.26077616
1981-05-22,49.57891366
1981-05-26,51.13490280
1981-05-27,53.46827680
1981-05-28,54.02576543
1981-05-29,53.37628125
1981-06-01,52.41648987
1981-06-02,50.56932006
1981-06-03,49.68021409
1981-06-04,48.80876499
1981-06-05,48.52062926
1981-06-08,47.94559362
1981-06-09,47.65882497
1981-06-10,47.37106558
1981-06-11,48.63121074
1981-06-12,49.24824426
1981-06-15,48.07514409
1981-06-16,46.93967297
1981-06-17,46.93967297
1981-06-18,46.09728060
1981-06-19,46.42275086
1981-06-22,46.13980083
1981-06-23,46.79859348
1981-06-24,46.79859348
1981-06-25,46.21550395
1981-06-26,49.71483729
1981-06-29,50.01508351
1981-06-30,47.97833181
1981-07-01,47.14275794
1981-07-02,45.53193794
1981-07-06,45.27002087
1981-07-07,44.23664927
1981-07-08,44.55798441
1981-07-09,45.51461449
1981-07-10,46.45310161
1981-07-13,46.45310161
1981-07-14,45.90938861
1981-07-15,46.85699021
1981-07-16,48.38763063
1981-07-17,48.68780778
1981-07-20,47.02121275
1981-07-21,45.95606773
1981-07-22,45.43348784
1981-07-23,46.05647988
1981-07-24,46.05647988
1981-07-27,47.29791087
1981-07-28,46.48314697
1981-07-29,46.48314697
1981-07-30,45.93885879
1981-07-31,46.57421558
1981-08-03,46.02485402
1981-08-04,45.21256032
1981-08-05,45.21256032
1981-08-06,45.21256032
1981-08-07,44.12467588
1981-08-10,44.12467588
1981-08-11,44.80950626
1981-08-12,43.72103546
1981-08-13,44.40679479
1981-08-14,43.59749065
1981-08-17,43.33004818
1981-08-18,43.06186695
1981-08-19,43.76893671
1981-08-20,44.81278828
1981-08-21,43.44744400
1981-08-24,42.91628766
1981-08-25,42.38996198
1981-08-26,41.61239933
1981-08-27,41.10198635
1981-08-28,41.10198635
1981-08-31,41.10198635
1981-09-01,41.84921698
1981-09-02,41.31684577
1981-09-03,39.77507206
1981-09-04,40.89500813
1981-09-08,39.64692939
1981-09-09,41.10730582
1981-09-10,42.86248654
1981-09-11,45.18527441
1981-09-14,44.14374722
1981-09-15,42.40650748
1981-09-16,41.69237309
1981-09-17,40.53676126
1981-09-18,40.86964751
1981-09-21,41.53447736
1981-09-22,40.60708141
1981-09-23,39.92790406
1981-09-24,39.48085570
1981-09-25,38.60283992
1981-09-28,39.95895758
1981-09-29,40.62486733
1981-09-30,40.62486733
1981-10-01,40.62486733
1981-10-02,41.64208504
1981-10-05,43.60449350
1981-10-06,42.39781706
1981-10-07,42.71977145
1981-10-08,42.71977145
1981-10-09,42.47489082
1981-10-12,42.47489082
1981-10-13,43.14720780
1981-10-14,42.14664800
1981-10-15,42.14664800
1981-10-16,42.14664800
1981-10-19,41.64075061
1981-10-20,41.64075061
1981-10-21,43.05082463
1981-10-22,42.52905400
1981-10-23,42.52905400
1981-10-26,42.52905400
1981-10-27,43.60315318
1981-10-28,45.33272636
1981-10-29,45.05209954
1981-10-30,47.68357668
1981-11-02,47.99971473
1981-11-03,48.93993650
1981-11-04,48.05742882
1981-11-05,48.37256061
1981-11-06,48.37256061
1981-11-09,48.69375836
1981-11-10,48.38801076
1981-11-11,47.77886363
1981-11-12,47.77886363
1981-11-13,45.70167843
1981-11-16,44.85285404
1981-11-17,45.53779141
1981-11-18,44.14578750
1981-11-19,43.87339213
1981-11-20,43.06367784
1981-11-23,43.41716353
1981-11-24,43.41716353
1981-11-25,42.86811145
1981-11-27,42.86811145
1981-11-30,44.32083594
1981-12-01,44.32083594
1981-12-02,44.68351654
1981-12-03,44.38985389
1981-12-04,44.75857637
1981-12-07,43.87214588
1981-12-08,43.87214588
1981-12-09,44.25185889
1981-12-10,45.37733890
1981-12-11,45.06930368
1981-12-14,44.15590504
1981-12-15,44.15590504
1981-12-16,44.15590504
1981-12-17,42.35740198
1981-12-18,43.90446049
1981-12-21,43.90446049
1981-12-22,44.67026316
1981-12-23,44.05937701
1981-12-24,43.75551392
1981-12-28,43.45116317
1981-12-29,42.25696885
1981-12-30,43.05169245
1981-12-31,42.45820499
1982-01-04,42.85822199
1982-01-05,42.55774788
1982-01-06,41.96019846
1982-01-07,41.08133785
1982-01-08,41.08133785
1982-01-11,41.08133785
1982-01-12,40.78308415
1982-01-13,40.48457051
1982-01-14,40.92373832
1982-01-15,43.46601580
1982-01-18,45.45275323
1982-01-19,43.88638428
1982-01-20,44.66106841
1982-01-21,47.94576622
1982-01-22,46.69467913
1982-01-25,47.04548911
1982-01-26,49.08741038
1982-01-27,49.74354895
1982-01-28,48.47470777
1982-01-29,49.13352333
1982-02-01,47.88972741
1982-02-02,48.22252904
1982-02-03,48.22252904
1982-02-04,47.59544713
1982-02-05,48.61344859
1982-02-08,47.67289342
1982-02-09,47.36255052
1982-02-10,47.36255052
1982-02-11,47.04675932
1982-02-12,47.40293140
1982-02-16,47.08130683
1982-02-17,47.80084567
1982-02-18,48.15872843
1982-02-19,47.82570707
1982-02-22,47.16311486
1982-02-23,46.50882484
1982-02-24,47.97499710
1982-02-25,49.03888227
1982-02-26,49.03888227
1982-03-01,50.43307189
1982-03-02,50.43307189
1982-03-03,49.38776409
1982-03-04,49.04367704
1982-03-05,47.36770023
1982-03-08,46.08813013
1982-03-09,48.21922493
1982-03-10,48.21922493
1982-03-11,47.57256487
1982-03-12,45.70523597
1982-03-15,46.76639700
1982-03-16,47.80237815
1982-03-17,49.14277219
1982-03-18,50.74837240
1982-03-19,51.67794100
1982-03-22,52.88230753
1982-03-23,52.54978895
1982-03-24,51.88694637
1982-03-25,51.88694637
1982-03-26,51.88694637
1982-03-29,52.51442833
1982-03-30,52.82678715
1982-03-31,53.44878165
1982-04-01,53.75840044
1982-04-02,54.67699775
1982-04-05,53.59567474
1982-04-06,53.23927331
1982-04-07,52.52973107
1982-04-08,54.53011074
1982-04-12,55.83862152
1982-04-13,56.68257994
1982-04-14,56.68257994
1982-04-15,57.24456996
1982-04-16,57.52435597
1982-04-19,57.80479034
1982-04-20,55.21306840
1982-04-21,55.21306840
1982-04-22,56.64528649
1982-04-23,56.27960276
1982-04-26,56.84538476
1982-04-27,55.74643218
1982-04-28,56.03414276
1982-04-29,55.66657667
1982-04-30,55.29817054
1982-05-03,55.29817054
1982-05-04,55.60125925
1982-05-05,56.50001926
1982-05-06,57.37621848
1982-05-07,56.60424054
1982-05-10,55.46716539
1982-05-11,54.72295408
1982-05-12,53.62681183
1982-05-13,55.14758806
1982-05-14,57.68469508
1982-05-17,56.24848068
1982-05-18,55.20168017
1982-05-19,54.17753541
1982-05-20,53.17569167
1982-05-21,52.51801183
1982-05-24,52.51801183
1982-05-25,51.53206483
1982-05-26,51.83816281
1982-05-27,52.44817223
1982-05-28,52.11298855
1982-06-01,51.11763383
1982-06-02,51.43168259
1982-06-03,52.36414950
1982-06-04,51.69218339
1982-06-07,51.69218339
1982-06-08,50.68581321
1982-06-09,49.38375382
1982-06-10,50.03548388
1982-06-11,51.61736586
1982-06-14,51.28756295
1982-06-15,51.91167373
1982-06-16,53.13152728
1982-06-17,51.79706420
1982-06-18,50.19653694
1982-06-21,49.88346470
1982-06-22,51.42213638
1982-06-23,53.17423627
1982-06-24,52.21788958
1982-06-25,51.90175282
1982-06-28,52.77270091
1982-06-29,52.45120531
1982-06-30,52.74359348
1982-07-01,52.41623808
1982-07-02,51.44329201
1982-07-06,51.12208279
1982-07-07,50.16766663
1982-07-08,50.16766663
1982-07-09,52.01587684
1982-07-12,52.61085814
1982-07-13,52.61085814
1982-07-14,52.61085814
1982-07-15,53.51658079
1982-07-16,54.97338494
1982-07-19,54.62566479
1982-07-20,55.48370303
1982-07-21,55.13067195
1982-07-22,54.08259561
1982-07-23,54.08259561
1982-07-26,53.73138054
1982-07-27,54.33376560
1982-07-28,53.97690466
1982-07-29,53.97690466
1982-07-30,53.25531725
1982-08-02,53.88148354
1982-08-03,52.45409587
1982-08-04,52.45409587
1982-08-05,51.74715361
1982-08-06,49.70590928
1982-08-09,49.05091134
1982-08-10,49.38958018
1982-08-11,48.09079931
1982-08-12,46.83982274
1982-08-13,45.63431391
1982-08-16,46.67961895
1982-08-17,48.68391939
1982-08-18,50.26618379
1982-08-19,50.57570902
1982-08-20,51.19283609
1982-08-23,53.26680158
1982-08-24,54.11542966
1982-08-25,55.74779723
1982-08-26,57.29093511
1982-08-27,55.33130486
1982-08-30,56.09398671
1982-08-31,57.32723584
1982-09-01,55.73720559
1982-09-02,57.64608630
1982-09-03,59.42334083
1982-09-07,56.70465882
1982-09-08,56.41341542
1982-09-09,54.97933481
1982-09-10,55.21059267
1982-09-13,54.92405575
1982-09-14,54.63606999
1982-09-15,53.77683126
1982-09-16,53.49207037
1982-09-17,52.64273691
1982-09-20,52.64273691
1982-09-21,53.40584668
1982-09-22,53.11608656
1982-09-23,53.37301991
1982-09-24,53.88634156
1982-09-27,53.58676130
1982-09-28,52.69417193
1982-09-29,51.81745527
1982-09-30,51.24029710
1982-10-01,51.51453892
1982-10-04,51.51453892
1982-10-05,52.34407099
1982-10-06,53.94450827
1982-10-07,54.96839860
1982-10-08,54.81369355
1982-10-11,55.19788224
1982-10-12,55.45441995
1982-10-13,56.46670049
1982-10-14,55.19286717
1982-10-15,55.19286717
1982-10-18,56.08697191
1982-10-19,55.92505842
1982-10-20,56.43596618
1982-10-21,57.43821525
1982-10-22,59.56403600
1982-10-25,56.68839697
1982-10-26,56.68839697
1982-10-27,57.16241236
1982-10-28,55.91929185
1982-10-29,54.27098969
1982-11-01,54.39509692
1982-11-02,54.64512720
1982-11-03,57.26295997
1982-11-04,55.77673428
1982-11-05,56.46531248
1982-11-08,54.73431000
1982-11-09,56.32090396
1982-11-10,56.32090396
1982-11-11,56.54533245
1982-11-12,56.54533245
1982-11-15,54.52246037
1982-11-16,54.24093964
1982-11-17,52.85495822
1982-11-18,52.31186570
1982-11-19,50.98203827
1982-11-22,49.20335405
1982-11-23,49.20335405
1982-11-24,49.97491006
1982-11-26,51.47204182
1982-11-29,51.47204182
1982-11-30,53.84667334
1982-12-01,53.84667334
1982-12-02,53.84667334
1982-12-03,54.54565798
1982-12-06,55.45921633
1982-12-07,55.17766606
1982-12-08,54.33706752
1982-12-09,51.17035034
1982-12-10,49.93872606
1982-12-13,50.54326191
1982-12-14,50.41960560
1982-12-15,49.92331824
1982-12-16,50.90482716
1982-12-17,52.32823923
1982-12-20,52.32823923
1982-12-21,51.55725376
1982-12-22,54.29289632
1982-12-23,54.51038364
1982-12-27,53.98866916
1982-12-28,52.95928900
1982-12-29,52.95928900
1982-12-30,53.18944576
1982-12-31,53.42090487
1983-01-03,51.85825798
1983-01-04,52.79325387
1983-01-05,52.53411785
1983-01-06,54.57173107
1983-01-07,54.57173107
1983-01-10,54.30457575
1983-01-11,54.75449534
1983-01-12,56.70300643
1983-01-13,57.52854691
1983-01-14,59.30194894
1983-01-17,59.49280068
1983-01-18,59.21079570
1983-01-19,59.06861111
1983-01-20,57.79981735
1983-01-21,54.87361304
1983-01-24,53.62040829
1983-01-25,54.46536038
1983-01-26,53.96614466
1983-01-27,55.01309806
1983-01-28,55.22004726
1983-01-31,55.42821066
1983-02-01,55.84514017
1983-02-02,55.84514017
1983-02-03,56.26710625
1983-02-04,57.90165951
1983-02-07,56.55980984
1983-02-08,56.29483088
1983-02-09,56.02824090
1983-02-10,56.85821922
1983-02-11,55.78873881
1983-02-14,56.41323368
1983-02-15,56.62067292
1983-02-16,55.81136545
1983-02-17,55.54259790
1983-02-18,56.39565351
1983-02-22,55.85143788
1983-02-23,56.27992685
1983-02-24,56.91702882
1983-02-25,57.75064227
1983-02-28,57.18872438
1983-03-01,56.35338928
1983-03-02,55.52951084
1983-03-03,55.25605982
1983-03-04,53.64613150
1983-03-07,53.64613150
1983-03-08,51.82890831
1983-03-09,53.43104561
1983-03-10,53.17446261
1983-03-11,53.84971054
1983-03-14,54.73374436
1983-03-15,55.80839978
1983-03-16,56.84884792
1983-03-17,56.31019239
1983-03-18,56.31019239
1983-03-21,55.09866430
1983-03-22,56.05884144
1983-03-23,56.68600526
1983-03-24,56.54940106
1983-03-25,56.54940106
1983-03-28,55.85508947
1983-03-29,56.07415457
1983-03-30,56.72849654
1983-03-31,57.16052792
1983-04-04,55.47290034
1983-04-05,54.12051639
1983-04-06,52.30736580
1983-04-07,52.53805591
1983-04-08,52.28121940
1983-04-11,54.32247902
1983-04-12,55.39897139
1983-04-13,55.82190812
1983-04-14,56.45102752
1983-04-15,56.45102752
1983-04-18,55.63382108
1983-04-19,54.56407540
1983-04-20,54.78480357
1983-04-21,54.78480357
1983-04-22,53.44571873
1983-04-25,53.18157560
1983-04-26,55.20462181
1983-04-27,55.20462181
1983-04-28,55.86035371
1983-04-29,56.71839903
1983-05-02,55.62028368
1983-05-03,55.83744209
1983-05-04,57.32162861
1983-05-05,58.92393458
1983-05-06,61.32060774
1983-05-09,61.92805022
1983-05-10,62.35686427
1983-05-11,60.15475893
1983-05-12,59.09494796
1983-05-13,59.45770167
1983-05-16,58.40571094
1983-05-17,58.40571094
1983-05-18,58.78179759
1983-05-19,59.15693409
1983-05-20,61.13260044
1983-05-23,61.47675777
1983-05-24,62.32371783
1983-05-25,62.49121333
1983-05-26,61.93184755
1983-05-27,61.37400529
1983-05-31,60.00164768
1983-06-01,58.66927136
1983-06-02,58.85491432
1983-06-03,59.22677232
1983-06-06,59.96185831
1983-06-07,60.14428374
1983-06-08,59.59264988
1983-06-09,59.04276316
1983-06-10,58.49457518
1983-06-13,60.36344397
1983-06-14,61.07550195
1983-06-15,61.25222691
1983-06-16,63.91472626
1983-06-17,63.63717972
1983-06-20,62.80609197
1983-06-21,64.97402801
1983-06-22,69.82281318
1983-06-23,68.06010397
1983-06-24,68.06010397
1983-06-27,66.33276258
1983-06-28,63.08071087
1983-06-29,64.71223008
1983-06-30,65.66070592
1983-07-01,66.34963201
1983-07-05,63.75165037
1983-07-06,64.68782570
1983-07-07,64.91786789
1983-07-08,64.91786789
1983-07-11,66.49404689
1983-07-12,66.06335847
1983-07-13,64.36982572
1983-07-14,61.95041949
1983-07-15,61.55879404
1983-07-18,60.77828106
1983-07-19,61.76300902
1983-07-20,63.83776833
1983-07-21,66.11977241
1983-07-22,66.51003592
1983-07-25,68.18489026
1983-07-26,68.53996085
1983-07-27,64.17519552
1983-07-28,61.20621587
1983-07-29,61.40772136
1983-08-01,61.08546904
1983-08-02,60.12425125
1983-08-03,61.35932247
1983-08-04,59.18718630
1983-08-05,59.18718630
1983-08-08,55.97522540
1983-08-09,57.87483707
1983-08-10,57.87483707
1983-08-11,57.87483707
1983-08-12,58.08538279
1983-08-15,58.50655942
1983-08-16,58.20953220
1983-08-17,57.91093505
1983-08-18,57.31368669
1983-08-19,57.01511673
1983-08-22,56.71499158
1983-08-23,56.11510089
1983-08-24,55.81524413
1983-08-25,55.81524413
1983-08-26,56.76830670
1983-08-29,57.00376342
1983-08-30,57.59028094
1983-08-31,59.49808798
1983-09-01,61.36697520
1983-09-02,62.34726362
1983-09-06,62.54036651
1983-09-07,60.34055583
1983-09-08,61.51884433
1983-09-09,61.21102986
1983-09-12,58.81960035
1983-09-13,58.52932276
1983-09-14,57.66223047
1983-09-15,57.66223047
1983-09-16,57.87678174
1983-09-19,58.72656618
1983-09-20,59.75717551
1983-09-21,59.75717551
1983-09-22,58.84771838
1983-09-23,58.54608849
1983-09-26,58.97327417
1983-09-27,58.97327417
1983-09-28,59.19015004
1983-09-29,58.87406656
1983-09-30,56.42565938
1983-10-03,55.83605843
1983-10-04,55.54137221
1983-10-05,55.24524836
1983-10-06,56.65363501
1983-10-07,57.11053142
1983-10-10,58.22855586
1983-10-11,57.61836837
1983-10-12,56.12511701
1983-10-13,55.83116345
1983-10-14,54.95431943
1983-10-17,54.66369708
1983-10-18,52.14296560
1983-10-19,51.60585793
1983-10-20,52.83927831
1983-10-21,52.29777237
1983-10-24,52.02704187
1983-10-25,53.25594352
1983-10-26,52.17008344
1983-10-27,52.66024045
1983-10-28,51.58646397
1983-10-31,51.32072226
1983-11-01,50.52775900
1983-11-02,50.78522714
1983-11-03,50.25403148
1983-11-04,50.25403148
1983-11-07,48.93417170
1983-11-08,48.93417170
1983-11-09,51.05567586
1983-11-10,53.03720658
1983-11-11,54.66813917
1983-11-14,54.89539472
1983-11-15,53.53254214
1983-11-16,54.89725624
1983-11-17,55.56003692
1983-11-18,54.74302378
1983-11-21,54.74302378
1983-11-22,55.64015321
1983-11-23,54.81249554
1983-11-25,55.48501071
1983-11-28,55.70815809
1983-11-29,55.14663462
1983-11-30,54.31256582
1983-12-01,54.54529244
1983-12-02,53.71161143
1983-12-05,53.43513768
1983-12-06,52.60998124
1983-12-07,53.69919540
1983-12-08,53.81896934
1983-12-09,54.06040850
1983-12-12,55.24833607
1983-12-13,54.39124381
1983-12-14,52.19814303
1983-12-15,51.66914372
1983-12-16,52.64394941
1983-12-19,53.82629436
1983-12-20,53.01964533
1983-12-21,53.72398072
1983-12-22,52.91822779
1983-12-23,52.38623358
1983-12-27,53.10443153
1983-12-28,53.10443153
1983-12-29,52.83045480
1983-12-30,53.56050520
1984-01-03,52.19311622
1984-01-04,52.56213580
1984-01-05,54.35132864
1984-01-06,54.07515661
1984-01-09,54.07515661
1984-01-10,53.51413896
1984-01-11,52.68151720
1984-01-12,52.40549731
1984-01-13,53.63908730
1984-01-16,51.60156866
1984-01-17,52.21605794
1984-01-18,50.14683250
1984-01-19,50.64346168
1984-01-20,48.67368647
1984-01-23,48.67368647
1984-01-24,48.92983357
1984-01-25,47.95762657
1984-01-26,47.47861638
1984-01-27,46.30422083
1984-01-30,46.83843550
1984-01-31,47.89143296
1984-02-01,46.71665125
1984-02-02,47.50139200
1984-02-03,45.89944434
1984-02-06,44.80330217
1984-02-07,45.85395185
1984-02-08,43.53932376
1984-02-09,44.44552723
1984-02-10,45.58599092
1984-02-13,45.37573256
1984-02-14,44.95464113
1984-02-15,44.74374343
1984-02-16,44.53160680
1984-02-17,44.53160680
1984-02-21,44.93559430
1984-02-22,45.60609482
1984-02-23,45.87389551
1984-02-24,48.93743259
1984-02-27,50.59412237
1984-02-28,48.53775795
1984-02-29,49.69149766
1984-03-01,49.46620805
1984-03-02,49.69782971
1984-03-05,48.78943465
1984-03-06,47.90025865
1984-03-07,47.02976001
1984-03-08,47.87163719
1984-03-09,47.99156009
1984-03-12,48.71062466
1984-03-13,49.18632200
1984-03-14,48.50104657
1984-03-15,48.27332939
1984-03-16,49.94397677
1984-03-19,49.36565684
1984-03-20,49.36565684
1984-03-21,49.48631522
1984-03-22,48.54634719
1984-03-23,49.03788614
1984-03-26,48.80114425
1984-03-27,48.56303155
1984-03-28,49.31656241
1984-03-29,49.56667045
1984-03-30,48.83240660
1984-04-02,47.40594976
1984-04-03,46.04004742
1984-04-04,45.59528025
1984-04-05,44.71783456
1984-04-06,44.98662954
1984-04-09,45.52470204
1984-04-10,46.58583911
1984-04-11,46.35657516
1984-04-12,46.88756126
1984-04-13,46.65303492
1984-04-16,45.95279801
1984-04-17,47.02947490
1984-04-18,46.55848198
1984-04-19,46.82886652
1984-04-23,46.82886652
1984-04-24,46.58574530
1984-04-25,46.34139564
1984-04-26,46.62572653
1984-04-27,47.75054047
1984-04-30,48.84547216
1984-05-01,50.93394529
1984-05-02,51.68521600
1984-05-03,50.37952503
1984-05-04,48.39286588
1984-05-07,47.44284536
1984-05-08,47.44284536
1984-05-09,48.22911626
1984-05-10,50.24503019
1984-05-11,49.27076079
1984-05-14,48.31919456
1984-05-15,48.08337457
1984-05-16,47.84625962
1984-05-17,46.90651176
1984-05-18,45.76532736
1984-05-21,45.76532736
1984-05-22,45.53679455
1984-05-23,45.81161659
1984-05-24,45.34678045
1984-05-25,45.34678045
1984-05-29,44.41706500
1984-05-30,45.27177066
1984-05-31,45.41384379
1984-06-01,46.54151443
1984-06-04,48.56488160
1984-06-05,48.82715094
1984-06-06,48.82715094
1984-06-07,48.82715094
1984-06-08,48.82715094
1984-06-11,46.79600590
1984-06-12,46.42818983
1984-06-13,46.30499110
1984-06-14,43.49176914
1984-06-15,44.35021532
1984-06-18,45.19578367
1984-06-19,44.73553359
1984-06-20,46.93096606
1984-06-21,47.46092272
1984-06-22,46.98439715
1984-06-25,46.27657846
1984-06-26,44.90252844
1984-06-27,44.90252844
1984-06-28,46.00499007
1984-06-29,46.00499007
1984-07-02,44.84795359
1984-07-03,45.12826290
1984-07-05,44.44003431
1984-07-06,43.76221064
1984-07-09,44.90024964
1984-07-10,46.54812160
1984-07-11,45.62426433
1984-07-12,44.72276633
1984-07-13,45.27187963
1984-07-16,45.27187963
1984-07-17,45.41177012
1984-07-18,45.55306218
1984-07-19,43.93596518
1984-07-20,43.26742396
1984-07-23,43.55821197
1984-07-24,43.10942738
1984-07-25,43.98856195
1984-07-26,45.69320178
1984-07-27,47.05691438
1984-07-30,47.32557160
1984-07-31,47.86302420
1984-08-01,48.92159569
1984-08-02,50.45414094
1984-08-03,52.61983544
1984-08-06,51.85252368
1984-08-07,51.72485745
1984-08-08,50.83499246
1984-08-09,51.79752737
1984-08-10,52.73727771
1984-08-13,52.47751966
1984-08-14,51.70156308
1984-08-15,51.44405925
1984-08-16,51.44405925
1984-08-17,51.69223749
1984-08-20,51.69223749
1984-08-21,53.17358862
1984-08-22,52.35826555
1984-08-23,53.32734948
1984-08-24,54.27208332
1984-08-27,53.71989710
1984-08-28,54.19323586
1984-08-29,53.63609084
1984-08-30,53.35755519
1984-08-31,52.80053992
1984-09-04,51.43717124
1984-09-05,51.16881584
1984-09-06,52.18234388
1984-09-07,51.63810279
1984-09-10,51.09680461
1984-09-11,51.35572113
1984-09-12,50.27432946
1984-09-13,51.31549158
1984-09-14,52.32927160
1984-09-17,51.51223024
1984-09-18,50.18584916
1984-09-19,47.69151778
1984-09-20,48.97921876
1984-09-21,48.01875422
1984-09-24,47.31204173
1984-09-25,47.57323936
1984-09-26,47.33491259
1984-09-27,47.09529373
1984-09-28,47.63375470
1984-10-01,46.20092996
1984-10-02,45.62025868
1984-10-03,45.75873414
1984-10-04,46.31411281
1984-10-05,45.37045032
1984-10-08,44.90579600
1984-10-09,44.67348572
1984-10-10,45.24887812
1984-10-11,45.53648427
1984-10-12,46.95167053
1984-10-15,48.31557614
1984-10-16,46.84757804
1984-10-17,46.84757804
1984-10-18,48.97959761
1984-10-19,48.97959761
1984-10-22,48.23127065
1984-10-23,48.23127065
1984-10-24,47.48296204
1984-10-25,45.11340587
1984-10-26,44.88588005
1984-10-29,45.44471505
1984-10-30,45.72415533
1984-10-31,45.48752095
1984-11-01,45.77254712
1984-11-02,44.58859896
1984-11-05,45.44846409
1984-11-06,47.64862511
1984-11-07,47.16564879
1984-11-08,46.44835310
1984-11-09,46.44835310
1984-11-12,47.27544187
1984-11-13,46.78616714
1984-11-14,47.33968801
1984-11-15,46.60124377
1984-11-16,46.88173579
1984-11-19,46.14318665
1984-11-20,46.14318665
1984-11-21,46.43331369
1984-11-23,47.01317024
1984-11-26,46.75617419
1984-11-27,46.75617419
1984-11-28,46.75617419
1984-11-29,47.05935124
1984-11-30,47.05935124
1984-12-03,46.78456409
1984-12-04,46.78456409
1984-12-05,46.78456409
1984-12-06,47.10811281
1984-12-07,47.10811281
1984-12-10,47.10811281
1984-12-11,46.22477650
1984-12-12,45.93320741
1984-12-13,43.69376073
1984-12-14,43.42499994
1984-12-17,43.42499994
1984-12-18,46.48125418
1984-12-19,47.75520270
1984-12-20,46.90472268
1984-12-21,46.90472268
1984-12-24,48.17409457
1984-12-26,47.88344418
1984-12-27,47.73718688
1984-12-28,47.58955600
1984-12-31,47.29241767
1985-01-02,46.70024795
1985-01-03,47.36955455
1985-01-04,48.03239304
1985-01-07,49.01066755
1985-01-08,47.79237441
1985-01-09,48.44314829
1985-01-10,50.02496452
1985-01-11,50.64020471
1985-01-14,51.24968644
1985-01-15,51.55352041
1985-01-16,51.22924779
1985-01-17,50.58309188
1985-01-18,51.20812102
1985-01-21,52.13055550
1985-01-22,52.43502443
1985-01-23,51.76629055
1985-01-24,52.07663278
1985-01-25,52.07663278
1985-01-28,50.72983842
1985-01-29,51.36854282
1985-01-30,51.36854282
1985-01-31,50.69072776
1985-02-01,49.69185557
1985-02-04,51.93627995
1985-02-05,51.93627995
1985-02-06,50.60554810
1985-02-07,49.63676889
1985-02-08,50.28123932
1985-02-11,50.91905329
1985-02-12,50.91905329
1985-02-13,50.91905329
1985-02-14,49.91280555
1985-02-15,47.67992074
1985-02-19,47.06887828
1985-02-20,48.08246446
1985-02-21,48.41690942
1985-02-22,48.41690942
1985-02-25,47.78197372
1985-02-26,47.78197372
1985-02-27,46.52339610
1985-02-28,47.22921296
1985-03-01,47.22921296
1985-03-04,46.28396748
1985-03-05,45.06268496
1985-03-06,44.76279955
1985-03-07,44.46222910
1985-03-08,44.16112328
1985-03-11,44.16112328
1985-03-12,45.30735561
1985-03-13,43.78590452
1985-03-14,43.19665475
1985-03-15,43.58220818
1985-03-18,45.09621270
1985-03-19,47.93436726
1985-03-20,47.62186564
1985-03-21,46.99941801
1985-03-22,46.99941801
1985-03-25,45.31919588
1985-03-26,45.49907818
1985-03-27,46.57022578
1985-03-28,47.44444786
1985-03-29,48.30352613
1985-04-01,49.64114034
1985-04-02,48.99737834
1985-04-03,48.04805998
1985-04-04,47.73491682
1985-04-08,46.80559971
1985-04-09,47.15394349
1985-04-10,48.18759688
1985-04-11,47.87056813
1985-04-12,49.22745607
1985-04-15,49.56077585
1985-04-16,50.22459841
1985-04-17,50.55501932
1985-04-18,49.55270815
1985-04-19,49.22235004
1985-04-22,48.24234477
1985-04-23,47.91931364
1985-04-24,48.09583811
1985-04-25,48.97376502
1985-04-26,48.63953996
1985-04-29,47.01022664
1985-04-30,48.41425715
1985-05-01,47.45648804
1985-05-02,47.45648804
1985-05-03,47.13583170
1985-05-06,45.87671106
1985-05-07,46.60110148
1985-05-08,46.96154819
1985-05-09,46.32630287
1985-05-10,49.77618169
1985-05-13,49.13467362
1985-05-14,48.18857722
1985-05-15,48.52411043
1985-05-16,49.19252008
1985-05-17,48.87030520
1985-05-20,49.54164591
1985-05-21,49.37703139
1985-05-22,49.21096071
1985-05-23,48.54756827
1985-05-24,48.54756827
1985-05-28,48.21240030
1985-05-29,48.21240030
1985-05-30,45.92303931
1985-05-31,47.54915186
1985-06-03,47.72652671
1985-06-04,47.72652671
1985-06-05,46.43077135
1985-06-06,47.15931546
1985-06-07,46.83582335
1985-06-10,47.92408214
1985-06-11,47.10800328
1985-06-12,45.99424515
1985-06-13,45.37175928
1985-06-14,45.37175928
1985-06-17,44.13925220
1985-06-18,43.83692613
1985-06-19,44.22491942
1985-06-20,43.61291878
1985-06-21,45.15465068
1985-06-24,45.90576230
1985-06-25,45.90576230
1985-06-26,48.10496183
1985-06-27,48.45962455
1985-06-28,48.12558407
1985-07-01,48.48622566
1985-07-02,49.20362405
1985-07-03,49.03027039
1985-07-05,49.57160488
1985-07-08,48.86869775
1985-07-09,48.51936303
1985-07-10,49.25624622
1985-07-11,48.55044671
1985-07-12,48.92208028
1985-07-15,49.84206314
1985-07-16,50.20645027
1985-07-17,51.80635521
1985-07-18,51.43338978
1985-07-19,51.78591714
1985-07-22,52.13875277
1985-07-23,52.49192191
1985-07-24,52.84524679
1985-07-25,53.54706556
1985-07-26,51.97574918
1985-07-29,49.75168899
1985-07-30,49.93306834
1985-07-31,51.18535853
1985-08-01,52.89478790
1985-08-02,52.89478790
1985-08-05,52.51541358
1985-08-06,51.39226998
1985-08-07,51.02286929
1985-08-08,52.07257234
1985-08-09,51.69741825
1985-08-12,50.95192917
1985-08-13,50.58146128
1985-08-14,49.84543166
1985-08-15,48.76434927
1985-08-16,48.05858377
1985-08-19,47.02184720
1985-08-20,48.70756425
1985-08-21,48.18845174
1985-08-22,48.18845174
1985-08-23,47.83789601
1985-08-26,47.83789601
1985-08-27,47.48153596
1985-08-28,47.67949512
1985-08-29,47.87894942
1985-08-30,47.87894942
1985-09-03,47.50527493
1985-09-04,46.76406524
1985-09-05,46.03451054
1985-09-06,47.28728173
1985-09-09,48.50146405
1985-09-10,47.75663226
1985-09-11,47.38712294
1985-09-12,47.79734375
1985-09-13,47.42182015
1985-09-16,47.04642086
1985-09-17,46.11936629
1985-09-18,47.58782843
1985-09-19,48.80252872
1985-09-20,48.80252872
1985-09-23,49.60569933
1985-09-24,48.82773575
1985-09-25,47.32037098
1985-09-26,48.13342958
1985-09-30,48.13342958
1985-10-01,48.54310777
1985-10-02,46.67131109
1985-10-03,46.48926397
1985-10-04,45.58622975
1985-10-07,44.19137211
1985-10-08,43.51519361
1985-10-09,44.37954786
1985-10-10,42.71975484
1985-10-11,44.81588629
1985-10-14,46.79329621
1985-10-15,45.95707397
1985-10-16,46.92045622
1985-10-17,45.92268835
1985-10-18,44.95184712
1985-10-21,44.95184712
1985-10-22,46.12664114
1985-10-23,47.26955576
1985-10-24,48.74216002
1985-10-25,48.06057974
1985-10-28,48.42676287
1985-10-29,49.51138173
1985-10-30,49.51138173
1985-10-31,49.15595782
1985-11-01,49.52396829
1985-11-04,48.45529783
1985-11-05,48.10390488
1985-11-06,49.94729012
1985-11-07,50.65923653
1985-11-08,50.29594434
1985-11-11,51.35882359
1985-11-12,50.98971089
1985-11-13,50.98971089
1985-11-14,51.35036450
1985-11-15,52.41729124
1985-11-18,52.76794315
1985-11-19,54.79795044
1985-11-20,52.87464089
1985-11-21,53.53711324
1985-11-22,53.15763912
1985-11-25,52.03382270
1985-11-26,52.37466390
1985-11-27,53.71104226
1985-11-29,52.95644779
1985-12-02,52.21145984
1985-12-03,52.55046588
1985-12-04,54.20008993
1985-12-05,54.52130147
1985-12-06,53.94496739
1985-12-09,54.43416107
1985-12-10,54.43416107
1985-12-11,54.76453270
1985-12-12,54.36421035
1985-12-13,55.52005623
1985-12-16,55.68290227
1985-12-17,54.07430213
1985-12-18,52.53291418
1985-12-19,52.87402576
1985-12-20,52.11339317
1985-12-23,51.36295326
1985-12-24,51.36295326
1985-12-26,51.72154345
1985-12-27,53.12532747
1985-12-30,53.46884060
1985-12-31,53.07382083
1986-01-02,52.28906597
1986-01-03,51.51552473
1986-01-06,49.29352059
1986-01-07,50.02324541
1986-01-08,49.30263722
1986-01-09,49.30263722
1986-01-10,50.40804963
1986-01-13,50.40804963
1986-01-14,51.14059554
1986-01-15,51.68429911
1986-01-16,53.60672067
1986-01-17,54.60726450
1986-01-20,54.21140649
1986-01-21,53.42488140
1986-01-22,53.03407321
1986-01-23,53.03407321
1986-01-24,52.63697821
1986-01-27,50.33995850
1986-01-28,51.06295721
1986-01-29,51.77595109
1986-01-30,50.65162091
1986-01-31,51.01180534
1986-02-03,51.72734420
1986-02-04,53.78424921
1986-02-05,56.00550949
1986-02-06,53.39890481
1986-02-07,53.71151303
1986-02-10,52.28673415
1986-02-11,51.93695953
1986-02-12,51.24062762
1986-02-13,50.21501324
1986-02-14,51.20689857
1986-02-18,51.20689857
1986-02-19,50.51486057
1986-02-20,50.85215513
1986-02-21,51.85214119
1986-02-24,51.85214119
1986-02-25,51.13663886
1986-02-26,50.42995588
1986-02-27,50.42995588
1986-02-28,49.72112624
1986-03-03,47.67927695
1986-03-04,48.04043935
1986-03-05,49.11081622
1986-03-06,48.77070993
1986-03-07,46.79575850
1986-03-10,48.55881411
1986-03-11,50.55566380
1986-03-12,50.87841001
1986-03-13,50.54333512
1986-03-14,49.22617223
1986-03-17,49.22617223
1986-03-18,49.56513726
1986-03-19,48.90206045
1986-03-20,49.58701744
1986-03-21,49.25172295
1986-03-24,49.93923076
1986-03-25,49.59805149
1986-03-26,48.58661214
1986-03-27,47.92486488
1986-03-31,47.59570644
1986-04-01,46.62004481
1986-04-02,46.62004481
1986-04-03,46.62004481
1986-04-04,46.62004481
1986-04-07,46.28351338
1986-04-08,48.18275669
1986-04-09,47.83920901
1986-04-10,50.69564736
1986-04-11,51.37182821
1986-04-14,51.01656478
1986-04-15,50.66067686
1986-04-16,52.02027776
1986-04-17,52.02027776
1986-04-18,51.29132573
1986-04-21,51.29132573
1986-04-22,51.98533765
1986-04-23,51.61186803
1986-04-24,52.98392597
1986-04-25,54.61750571
1986-04-28,54.23475294
1986-04-29,52.73338764
1986-04-30,50.94299182
1986-05-01,51.27896908
1986-05-02,50.23072906
1986-05-05,50.23072906
1986-05-06,51.59173605
1986-05-07,50.88510432
1986-05-08,51.05530072
1986-05-09,51.90175422
1986-05-12,51.90175422
1986-05-13,51.35216168
1986-05-14,50.27081269
1986-05-15,48.70822863
1986-05-16,47.70426598
1986-05-19,48.06663082
1986-05-20,48.42962266
1986-05-21,48.08825469
1986-05-22,47.91677242
1986-05-23,46.89761008
1986-05-27,47.46506994
1986-05-28,47.46506994
1986-05-29,48.96506357
1986-05-30,49.33236652
1986-06-02,47.93088771
1986-06-03,48.30376510
1986-06-04,47.95498395
1986-06-05,48.33387236
1986-06-06,47.28496372
1986-06-09,46.26525895
1986-06-10,46.26525895
1986-06-11,45.92475982
1986-06-12,45.41555760
1986-06-13,45.82228758
1986-06-16,44.63983126
1986-06-17,43.02876969
1986-06-18,43.44334490
1986-06-19,45.06744431
1986-06-20,45.46503448
1986-06-23,44.80624082
1986-06-24,45.60672086
1986-06-25,45.60672086
1986-06-26,44.28188360
1986-06-27,44.28188360
1986-06-30,44.28188360
1986-07-01,43.94748045
1986-07-02,43.61304624
1986-07-03,43.27855645
1986-07-07,42.29025556
1986-07-08,42.73295151
1986-07-09,42.40259549
1986-07-10,41.74697961
1986-07-11,39.57212630
1986-07-14,39.57212630
1986-07-15,39.27061686
1986-07-16,38.52545719
1986-07-17,39.22815511
1986-07-18,37.76656262
1986-07-21,37.76656262
1986-07-22,39.16925997
1986-07-23,38.87266158
1986-07-24,39.79871126
1986-07-25,42.02849012
1986-07-28,41.10080188
1986-07-29,40.79597037
1986-07-30,41.67473258
1986-07-31,40.45502435
1986-08-01,40.45502435
1986-08-04,40.15201533
1986-08-05,38.53945825
1986-08-06,39.21567599
1986-08-07,40.10790473
1986-08-08,42.67199822
1986-08-11,43.49104304
1986-08-12,45.08463549
1986-08-13,44.44813888
1986-08-14,44.13168906
1986-08-15,44.13168906
1986-08-18,44.13168906
1986-08-19,44.95274993
1986-08-20,46.54831223
1986-08-21,46.93887471
1986-08-22,48.46832099
1986-08-25,47.42699906
1986-08-26,48.54966015
1986-08-27,48.54966015
1986-08-28,48.19581524
1986-08-29,49.32128741
1986-09-02,47.57181410
1986-09-03,47.94683038
1986-09-04,49.05715737
1986-09-05,48.70546275
1986-09-08,48.35339705
1986-09-09,47.65364014
1986-09-10,47.65364014
1986-09-11,45.93927710
1986-09-12,45.27759395
1986-09-15,44.30535158
1986-09-16,45.49404146
1986-09-17,46.27043648
1986-09-18,47.41168558
1986-09-19,46.41049508
1986-09-22,47.16593747
1986-09-23,46.66490606
1986-09-24,45.84057432
1986-09-25,44.87447871
1986-09-26,45.26497750
1986-09-29,44.94164502
1986-09-30,45.33820084
1986-10-01,45.53739788
1986-10-02,44.38735647
1986-10-03,45.97113150
1986-10-06,45.97113150
1986-10-07,44.81910898
1986-10-08,44.33553768
1986-10-09,44.73923542
1986-10-10,45.93400709
1986-10-13,46.32684149
1986-10-14,46.32684149
1986-10-15,45.64268838
1986-10-16,45.64268838
1986-10-17,45.64268838
1986-10-20,44.94723907
1986-10-21,45.36989599
1986-10-22,45.79264622
1986-10-23,47.44460780
1986-10-24,48.24557268
1986-10-27,48.64299984
1986-10-28,47.17135634
1986-10-29,47.57405582
1986-10-30,47.97681177
1986-10-31,47.60537485
1986-11-03,47.60537485
1986-11-04,49.61727071
1986-11-05,49.23321839
1986-11-06,49.62919523
1986-11-07,49.23913297
1986-11-10,48.65665406
1986-11-11,48.46257066
1986-11-12,47.68970178
1986-11-13,47.30662745
1986-11-14,47.73302938
1986-11-17,48.15908782
1986-11-18,47.37466294
1986-11-19,47.37466294
1986-11-20,48.24422127
1986-11-21,49.09851915
1986-11-24,49.93777430
1986-11-25,51.16439671
1986-11-26,51.56612673
1986-11-28,52.36220261
1986-12-01,53.14429742
1986-12-02,52.70489537
1986-12-03,52.26600296
1986-12-04,51.61116921
1986-12-05,50.53939887
1986-12-08,50.95321932
1986-12-09,50.52389767
1986-12-10,50.94369471
1986-12-11,51.36274195
1986-12-12,51.36274195
1986-12-15,51.36274195
1986-12-16,51.79413010
1986-12-17,51.79413010
1986-12-18,51.79413010
1986-12-19,51.79413010
1986-12-22,51.79413010
1986-12-23,49.88168915
1986-12-24,49.41840361
1986-12-26,50.35498732
1986-12-29,49.42551040
1986-12-30,48.96643777
1986-12-31,48.50892638
1987-01-02,48.99295047
1987-01-05,49.47540307
1987-01-06,50.42763790
1987-01-07,52.69168484
1987-01-08,54.38434809
1987-01-09,55.19839767
1987-01-12,56.38414488
1987-01-13,56.77145029
1987-01-14,59.84954107
1987-01-15,61.17100001
1987-01-16,58.48306955
1987-01-19,60.41047108
1987-01-20,58.56938683
1987-01-21,57.67685300
1987-01-22,59.85178415
1987-01-23,60.00089162
1987-01-26,58.67293650
1987-01-27,59.43283923
1987-01-28,60.02999734
1987-01-29,58.28718282
1987-01-30,61.15089224
1987-02-02,64.60585043
1987-02-03,64.83276630
1987-02-04,64.20571380
1987-02-05,64.32251843
1987-02-06,64.55749123
1987-02-09,64.55749123
1987-02-10,64.79659775
1987-02-11,67.36800476
1987-02-12,64.25900057
1987-02-13,64.25900057
1987-02-17,65.14395232
1987-02-18,64.73692827
1987-02-19,64.95928604
1987-02-20,61.79374512
1987-02-23,61.22562095
1987-02-24,62.28223853
1987-02-25,63.83905340
1987-02-26,64.05434761
1987-02-27,64.05434761
1987-03-02,62.51871387
1987-03-03,60.67222235
1987-03-04,61.36754337
1987-03-05,61.36754337
1987-03-06,60.63037681
1987-03-09,59.89960095
1987-03-10,60.38454535
1987-03-11,60.01601597
1987-03-12,59.64623368
1987-03-13,58.54726676
1987-03-16,59.43294326
1987-03-17,61.68930932
1987-03-18,61.91575542
1987-03-19,63.45167200
1987-03-20,62.71774272
1987-03-23,62.16991794
1987-03-24,61.08616644
1987-03-25,60.90645856
1987-03-26,62.04070927
1987-03-27,63.12720204
1987-03-30,59.98820006
1987-03-31,60.65060751
1987-04-01,62.13613329
1987-04-02,61.46280658
1987-04-03,63.66230520
1987-04-06,62.67153403
1987-04-07,62.01800510
1987-04-08,63.37553480
1987-04-09,63.56450406
1987-04-10,64.22064070
1987-04-13,60.28294393
1987-04-14,59.10509145
1987-04-15,59.70478676
1987-04-16,60.87033674
1987-04-20,59.55812523
1987-04-21,61.16425444
1987-04-22,60.58921027
1987-04-23,61.50804735
1987-04-24,60.93093163
1987-04-27,61.84001603
1987-04-28,62.54805376
1987-04-29,62.54805376
1987-04-30,62.90306643
1987-05-01,62.00764916
1987-05-04,62.00764916
1987-05-05,62.73715407
1987-05-06,61.53709553
1987-05-07,60.65333640
1987-05-08,60.35983332
1987-05-11,59.77242669
1987-05-12,58.75608687
1987-05-13,59.45624384
1987-05-14,59.45624384
1987-05-15,58.86718939
1987-05-18,58.28075889
1987-05-19,55.20871103
1987-05-20,55.85327829
1987-05-21,55.85327829
1987-05-22,53.85474676
1987-05-26,56.08881935
1987-05-27,56.08881935
1987-05-28,56.60479717
1987-05-29,57.21747393
1987-06-01,55.49335645
1987-06-02,52.99815571
1987-06-03,53.63338037
1987-06-04,53.63338037
1987-06-05,53.38532306
1987-06-08,54.45506017
1987-06-09,55.89428850
1987-06-10,54.88766831
1987-06-11,55.49812833
1987-06-12,54.74573382
1987-06-15,53.75881342
1987-06-16,53.27111887
1987-06-17,54.73092543
1987-06-18,54.36131321
1987-06-19,53.50508993
1987-06-22,54.54389529
1987-06-23,55.35433173
1987-06-24,54.61264325
1987-06-25,53.63940527
1987-06-26,55.83750515
1987-06-29,55.83750515
1987-06-30,55.34539620
1987-07-01,56.51321375
1987-07-02,57.08316775
1987-07-06,55.60288993
1987-07-07,55.11898240
1987-07-08,54.51665958
1987-07-09,55.79229088
1987-07-10,56.17639325
1987-07-13,56.93637316
1987-07-14,58.57790353
1987-07-15,57.83159973
1987-07-16,58.54679714
1987-07-17,58.29572957
1987-07-20,56.93217318
1987-07-21,56.32395638
1987-07-22,55.83925753
1987-07-23,55.11669941
1987-07-24,55.40972428
1987-07-27,55.28749651
1987-07-28,56.07453969
1987-07-29,56.26996512
1987-07-30,57.04635352
1987-07-31,56.53665676
1987-08-03,54.55625555
1987-08-04,54.55625555
1987-08-05,55.46147519
1987-08-06,56.53613224
1987-08-07,57.29724185
1987-08-10,57.95156493
1987-08-11,58.86606027
1987-08-12,57.46971212
1987-08-13,58.38118860
1987-08-14,58.38118860
1987-08-17,57.86949858
1987-08-18,57.61302569
1987-08-19,57.35491122
1987-08-20,57.92923202
1987-08-21,58.86693287
1987-08-24,58.60159046
1987-08-25,59.70816671
1987-08-26,60.77308246
1987-08-27,61.12097064
1987-08-28,58.48705451
1987-08-31,58.23215657
1987-09-01,57.84815118
1987-09-02,57.46324617
1987-09-03,58.21618619
1987-09-04,58.77205016
1987-09-08,57.98855536
1987-09-09,58.08313733
1987-09-10,59.11162020
1987-09-11,58.84497032
1987-09-14,58.84497032
1987-09-15,58.30250854
1987-09-16,58.49679601
1987-09-17,58.69227476
1987-09-18,59.46790029
1987-09-21,58.08335376
1987-09-22,59.51917044
1987-09-23,61.05465460
1987-09-24,61.31765139
1987-09-25,60.62469744
1987-09-28,60.89401764
1987-09-29,59.92274984
1987-09-30,60.29032829
1987-10-01,62.22556800
1987-10-02,63.21858419
1987-10-05,63.70312572
1987-10-06,61.50858381
1987-10-07,61.50858381
1987-10-08,60.17220997
1987-10-09,60.34722656
1987-10-12,59.81338415
1987-10-13,59.01804689
1987-10-14,56.96651535
1987-10-15,55.02398261
1987-10-16,52.74074628
1987-10-19,45.13263802
1987-10-20,43.38466022
1987-10-21,44.28127585
1987-10-22,41.12126840
1987-10-23,40.17327189
1987-10-26,37.07323398
1987-10-27,38.42445569
1987-10-28,40.64356932
1987-10-29,46.14638721
1987-10-30,45.57001267
1987-11-02,46.02644976
1987-11-03,45.63776239
1987-11-04,45.86990929
1987-11-05,47.68495569
1987-11-06,46.11452037
1987-11-09,44.08689912
1987-11-10,43.12402002
1987-11-11,43.69177234
1987-11-12,45.56796981
1987-11-13,45.11889808
1987-11-16,44.93896714
1987-11-17,43.70008691
1987-11-18,44.58667070
1987-11-19,43.45722029
1987-11-20,43.28590566
1987-11-23,44.06971909
1987-11-24,45.59693521
1987-11-25,45.41701349
1987-11-27,44.70040725
1987-11-30,43.82258029
1987-12-01,44.04579140
1987-12-02,44.71502648
1987-12-03,43.82770597
1987-12-04,43.65174136
1987-12-07,44.99734480
1987-12-08,46.29975046
1987-12-09,47.56085646
1987-12-10,46.45290297
1987-12-11,46.66323647
1987-12-14,47.90999895
1987-12-15,47.72116589
1987-12-16,48.13635930
1987-12-17,47.94301761
1987-12-18,48.77885678
1987-12-21,49.49941595
1987-12-22,49.19817770
1987-12-23,49.40664869
1987-12-24,49.20158968
1987-12-28,47.40310394
1987-12-29,48.25684960
1987-12-30,48.88880774
1987-12-31,48.68748934
1988-01-04,49.73846092
1988-01-05,49.94668482
1988-01-06,50.57066567
1988-01-07,50.35812667
1988-01-08,48.29672222
1988-01-11,48.93365315
1988-01-12,48.32898744
1988-01-13,47.33885619
1988-01-14,47.98818992
1988-01-15,49.05161059
1988-01-18,48.05376368
1988-01-19,47.46538428
1988-01-20,45.75825469
1988-01-21,47.04773022
1988-01-22,47.36544183
1988-01-25,47.89461573
1988-01-26,47.31487204
1988-01-27,47.12175528
1988-01-28,47.66408347
1988-01-29,48.41634391
1988-02-01,47.81802412
1988-02-02,47.61878762
1988-02-03,46.82622784
1988-02-04,47.05000759
1988-02-05,47.05000759
1988-02-08,47.50573394
1988-02-09,48.07310663
1988-02-10,49.07924962
1988-02-11,48.86556834
1988-02-12,48.65041697
1988-02-16,49.33013225
1988-02-17,48.89194446
1988-02-18,49.12143166
1988-02-19,49.35243415
1988-02-22,50.82621276
1988-02-23,51.15931542
1988-02-24,51.38228420
1988-02-25,50.79348669
1988-02-26,50.90774995
1988-02-29,51.13825054
1988-03-01,51.13825054
1988-03-02,51.83795552
1988-03-03,52.75415690
1988-03-04,52.98127829
1988-03-07,53.88187763
1988-03-08,53.36283493
1988-03-09,54.14785283
1988-03-10,52.98326352
1988-03-11,52.98326352
1988-03-14,54.55170565
1988-03-15,53.77093142
1988-03-16,53.25486067
1988-03-17,53.70611224
1988-03-18,53.93195865
1988-03-21,53.14207315
1988-03-22,53.60216918
1988-03-23,52.55399246
1988-03-24,50.78881771
1988-03-25,50.42024196
1988-03-28,51.49276700
1988-03-29,51.49276700
1988-03-30,50.86225918
1988-03-31,51.34630779
1988-04-04,51.58846546
1988-04-05,52.19268483
1988-04-06,53.60409548
1988-04-07,53.60409548
1988-04-08,54.07032303
1988-04-11,54.98907774
1988-04-12,54.71118099
1988-04-13,54.15529778
1988-04-14,52.66090623
1988-04-15,51.99851133
1988-04-18,51.99851133
1988-04-19,52.49164084
1988-04-20,52.73821502
1988-04-21,51.51627640
1988-04-22,52.26513834
1988-04-25,52.38960488
1988-04-26,53.37739501
1988-04-27,53.62172606
1988-04-28,53.05697096
1988-04-29,52.21908951
1988-05-02,52.97334348
1988-05-03,53.47064873
1988-05-04,53.47064873
1988-05-05,53.47064873
1988-05-06,53.17607557
1988-05-09,52.88024100
1988-05-10,52.14360729
1988-05-11,51.56005706
1988-05-12,52.23865694
1988-05-13,52.90863803
1988-05-16,53.04243084
1988-05-17,52.43715711
1988-05-18,51.10455401
1988-05-19,50.38212272
1988-05-20,50.52418247
1988-05-23,49.80009887
1988-05-24,50.23468769
1988-05-25,49.94194687
1988-05-26,50.23647319
1988-05-27,50.67860040
1988-05-31,51.55291381
1988-06-01,52.12749415
1988-06-02,51.50707757
1988-06-03,52.92951462
1988-06-06,54.55419771
1988-06-07,53.92408980
1988-06-08,55.10892933
1988-06-09,54.63334143
1988-06-10,54.89688806
1988-06-13,55.42293357
1988-06-14,55.94478576
1988-06-15,56.07533972
1988-06-16,56.20717760
1988-06-17,55.86661890
1988-06-20,55.52498071
1988-06-21,56.86457632
1988-06-22,57.51441058
1988-06-23,57.33895812
1988-06-24,56.63701115
1988-06-27,55.94147169
1988-06-28,56.75063300
1988-06-29,56.75063300
1988-06-30,56.57198582
1988-07-01,56.71038788
1988-07-05,56.34568346
1988-07-06,55.08646550
1988-07-07,54.90843971
1988-07-08,54.90843971
1988-07-11,54.36471356
1988-07-12,55.70126917
1988-07-13,56.27925266
1988-07-14,55.54323422
1988-07-15,55.69035845
1988-07-18,55.13437674
1988-07-19,54.21817172
1988-07-20,52.61962152
1988-07-21,51.58971219
1988-07-22,53.44073390
1988-07-25,53.26836158
1988-07-26,53.42094914
1988-07-27,52.37871304
1988-07-28,52.69117008
1988-07-29,53.61848200
1988-08-01,53.92420740
1988-08-02,53.38804998
1988-08-03,53.54444842
1988-08-04,53.18203200
1988-08-05,52.81898633
1988-08-08,51.74267742
1988-08-09,50.35324574
1988-08-10,48.69329463
1988-08-11,50.03171098
1988-08-12,49.37760144
1988-08-15,47.48601793
1988-08-16,49.13516632
1988-08-17,48.66946145
1988-08-18,48.20546892
1988-08-19,47.59102895
1988-08-22,46.83315559
1988-08-23,46.68216793
1988-08-24,47.02909993
1988-08-25,45.96597103
1988-08-26,44.93432464
1988-08-29,46.67090764
1988-08-30,46.08054348
1988-08-31,45.20930811
1988-09-01,43.80735887
1988-09-02,45.18839759
1988-09-06,45.86403806
1988-09-07,44.33758384
1988-09-08,43.93257284
1988-09-09,45.93873089
1988-09-12,45.93873089
1988-09-13,45.93873089
1988-09-14,46.93334732
1988-09-15,46.07246416
1988-09-16,47.05872204
1988-09-19,47.38446048
1988-09-20,47.09019558
1988-09-21,46.79501277
1988-09-22,46.20670958
1988-09-23,47.05177604
1988-09-26,45.73821481
1988-09-27,45.59458198
1988-09-28,45.44962532
1988-09-29,46.14524233
1988-09-30,45.84833073
1988-10-03,44.53868849
1988-10-04,43.55587334
1988-10-05,43.00513402
1988-10-06,45.28858611
1988-10-07,43.38735222
1988-10-10,43.25562639
1988-10-11,43.94702359
1988-10-12,43.40983556
1988-10-13,44.10376103
1988-10-14,44.79132418
1988-10-17,44.79132418
1988-10-18,46.15763925
1988-10-19,45.72662996
1988-10-20,47.22800384
1988-10-21,47.55546070
1988-10-24,46.67308570
1988-10-25,46.38176247
1988-10-26,45.51606723
1988-10-27,44.39403520
1988-10-28,44.25554348
1988-10-31,44.11576947
1988-11-01,43.97467631
1988-11-02,44.15606970
1988-11-03,44.52083974
1988-11-04,44.22743420
1988-11-07,43.93333885
1988-11-08,44.49558956
1988-11-09,45.05519935
1988-11-10,44.44835632
1988-11-11,43.55463980
1988-11-14,43.26019249
1988-11-15,41.27621725
1988-11-16,42.42553367
1988-11-17,43.17849245
1988-11-18,43.03556175
1988-11-21,39.45485177
1988-11-22,40.01800778
1988-11-23,40.94785513
1988-11-25,40.43853264
1988-11-28,40.43853264
1988-11-29,40.62895387
1988-11-30,40.23697112
1988-12-01,41.38565005
1988-12-02,42.13863721
1988-12-05,42.51363101
1988-12-06,42.88958931
1988-12-07,42.32733689
1988-12-08,42.89750300
1988-12-09,43.46520142
1988-12-12,42.88782445
1988-12-13,42.60047669
1988-12-14,42.60047669
1988-12-15,44.33182623
1988-12-16,44.89455031
1988-12-19,45.63866773
1988-12-20,45.63866773
1988-12-21,45.01170866
1988-12-22,44.39234222
1988-12-23,45.15875521
1988-12-27,45.53989329
1988-12-28,45.22070588
1988-12-29,46.73739752
1988-12-30,46.73739752
1989-01-03,46.73739752
1989-01-04,47.68576220
1989-01-05,47.87427734
1989-01-06,47.52640121
1989-01-09,46.83507223
1989-01-10,47.03069513
1989-01-11,47.22790661
1989-01-12,48.01425205
1989-01-13,47.29845584
1989-01-16,47.29845584
1989-01-17,46.23207731
1989-01-18,47.43569548
1989-01-19,47.83108619
1989-01-20,47.46844765
1989-01-23,46.74855542
1989-01-24,46.39130346
1989-01-25,48.77683554
1989-01-26,50.27502491
1989-01-27,49.90439515
1989-01-30,50.27668521
1989-01-31,50.64912364
1989-02-01,51.75035912
1989-02-02,51.75035912
1989-02-03,52.47953493
1989-02-06,52.07983055
1989-02-07,52.80985239
1989-02-08,50.84324093
1989-02-09,50.46150718
1989-02-10,48.60836648
1989-02-13,49.54921454
1989-02-14,50.82920075
1989-02-15,50.82920075
1989-02-16,50.82920075
1989-02-17,51.56482553
1989-02-21,50.41574832
1989-02-22,49.30002214
1989-02-23,49.86344024
1989-02-24,48.94274538
1989-02-27,49.69740789
1989-02-28,50.07218157
1989-03-01,50.26034244
1989-03-02,51.19441764
1989-03-03,50.80682791
1989-03-06,51.91606113
1989-03-07,51.91606113
1989-03-08,51.12333713
1989-03-09,51.86973756
1989-03-10,50.88326916
1989-03-13,51.44599088
1989-03-14,49.89775169
1989-03-15,48.77952967
1989-03-16,49.91938593
1989-03-17,48.10723104
1989-03-20,46.89691119
1989-03-21,47.84876972
1989-03-22,46.65960400
1989-03-23,47.78915460
1989-03-27,47.97567686
1989-03-28,48.35038166
1989-03-29,48.35038166
1989-03-30,49.47654389
1989-03-31,50.92549141
1989-04-03,50.37525318
1989-04-04,49.64883377
1989-04-05,49.64883377
1989-04-06,49.83536298
1989-04-07,51.30126899
1989-04-10,51.48125288
1989-04-11,53.06690577
1989-04-12,54.73617300
1989-04-13,53.95654090
1989-04-14,55.25121340
1989-04-17,54.66577473
1989-04-18,54.98871459
1989-04-19,55.15093171
1989-04-20,54.35507202
1989-04-21,54.35507202
1989-04-24,53.95354699
1989-04-25,53.55172382
1989-04-26,53.14975346
1989-04-27,54.19732710
1989-04-28,54.19732710
1989-05-01,54.19732710
1989-05-02,54.55222324
1989-05-03,54.90703421
1989-05-04,54.90703421
1989-05-05,54.46840673
1989-05-08,54.46840673
1989-05-09,54.46840673
1989-05-10,54.46840673
1989-05-11,55.22952281
1989-05-12,56.34131615
1989-05-15,57.06327533
1989-05-16,56.58811213
1989-05-17,57.66231517
1989-05-18,58.53079407
1989-05-19,59.37715979
1989-05-22,58.40862325
1989-05-23,56.53543800
1989-05-24,57.23194684
1989-05-25,57.23194684
1989-05-26,57.92738354
1989-05-30,58.10036278
1989-05-31,58.27459497
1989-06-01,59.13751109
1989-06-02,59.30848279
1989-06-05,55.09503636
1989-06-06,56.32065835
1989-06-07,56.83348558
1989-06-08,55.50967142
1989-06-09,55.07540574
1989-06-12,56.29096293
1989-06-13,53.96071934
1989-06-14,53.14815252
1989-06-15,52.34756063
1989-06-16,53.06559904
1989-06-19,53.06559904
1989-06-20,51.46575500
1989-06-21,52.19759760
1989-06-22,53.27102104
1989-06-23,53.62360901
1989-06-26,54.32362572
1989-06-27,54.84279071
1989-06-28,53.40427099
1989-06-29,50.70275765
1989-06-30,50.70275765
1989-07-03,49.95797305
1989-07-05,49.58810045
1989-07-06,49.58810045
1989-07-07,50.71724333
1989-07-10,51.81345283
1989-07-11,51.81345283
1989-07-12,51.81345283
1989-07-13,51.41408042
1989-07-14,51.97795471
1989-07-17,54.14011999
1989-07-18,50.30612751
1989-07-19,49.76918661
1989-07-20,50.12960674
1989-07-21,51.19646735
1989-07-24,49.93077942
1989-07-25,49.22452762
1989-07-26,49.76577381
1989-07-27,51.17530049
1989-07-28,51.52070742
1989-07-31,52.54353961
1989-08-01,50.73172571
1989-08-02,51.41236800
1989-08-03,53.05890914
1989-08-04,54.00868717
1989-08-07,55.23518996
1989-08-08,55.53624401
1989-08-09,53.34972942
1989-08-10,52.99656420
1989-08-11,52.29335685
1989-08-14,51.42701936
1989-08-15,51.58995128
1989-08-16,49.72680395
1989-08-17,50.55120850
1989-08-18,50.55120850
1989-08-21,49.54554475
1989-08-22,50.21614112
1989-08-23,51.52485343
1989-08-24,51.84624272
1989-08-25,52.16836184
1989-08-28,51.81632645
1989-08-29,50.77250717
1989-08-30,51.43492821
1989-08-31,51.08582169
1989-09-01,51.42069804
1989-09-05,51.92207513
1989-09-06,51.03052126
1989-09-07,50.67703069
1989-09-08,50.67703069
1989-09-11,50.67703069
1989-09-12,52.40410001
1989-09-13,52.57275516
1989-09-14,52.38423230
1989-09-15,52.72859866
1989-09-18,51.59179187
1989-09-19,51.94256930
1989-09-20,52.63961845
1989-09-21,53.32716237
1989-09-22,53.49855703
1989-09-25,53.49855703
1989-09-26,54.02109371
1989-09-27,53.01272348
1989-09-28,53.54117131
1989-09-29,53.89229169
1989-10-02,54.06854844
1989-10-03,53.03889214
1989-10-04,54.10409526
1989-10-05,54.79831996
1989-10-06,55.48222059
1989-10-09,56.96994715
1989-10-10,55.91560622
1989-10-11,55.29201906
1989-10-12,55.62709454
1989-10-13,52.24690516
1989-10-16,53.91972903
1989-10-17,54.56631399
1989-10-18,55.04679382
1989-10-19,56.14583238
1989-10-20,56.14583238
1989-10-23,54.19343051
1989-10-24,53.81335335
1989-10-25,53.24442060
1989-10-26,51.94304354
1989-10-27,51.75950691
1989-10-30,52.44221980
1989-10-31,54.25056244
1989-11-01,53.49927657
1989-11-02,50.98921322
1989-11-03,49.80264538
1989-11-06,48.65279959
1989-11-07,50.95302670
1989-11-08,51.26977876
1989-11-09,51.90070920
1989-11-10,52.67852932
1989-11-13,52.98736412
1989-11-14,52.81233643
1989-11-15,53.74350618
1989-11-16,53.38683728
1989-11-17,54.00680405
1989-11-20,53.28699966
1989-11-21,53.28699966
1989-11-22,54.53703007
1989-11-24,54.84386217
1989-11-27,54.84386217
1989-11-28,54.27710224
1989-11-29,54.75200407
1989-11-30,54.75200407
1989-12-01,55.38924823
1989-12-04,56.01833646
1989-12-05,55.62001446
1989-12-06,54.44065816
1989-12-07,54.44065816
1989-12-08,52.52588365
1989-12-11,50.88984834
1989-12-12,50.35881802
1989-12-13,50.70710174
1989-12-14,49.47331619
1989-12-15,48.61521420
1989-12-18,47.77360301
1989-12-19,49.02823874
1989-12-20,49.72910566
1989-12-21,52.23072416
1989-12-22,52.05534328
1989-12-26,51.18252115
1989-12-27,52.94532944
1989-12-28,52.94532944
1989-12-29,53.57414201
1990-01-02,55.39049609
1990-01-03,53.96106504
1990-01-04,54.84863531
1990-01-05,54.49296422
1990-01-08,55.08454510
1990-01-09,56.24006033
1990-01-10,54.80801319
1990-01-11,54.80801319
1990-01-12,53.74924074
1990-01-15,54.04973776
1990-01-16,56.35392445
1990-01-17,56.49240233
1990-01-18,55.95152134
1990-01-19,56.65405083
1990-01-22,55.04899049
1990-01-23,55.04899049
1990-01-24,56.46264796
1990-01-25,56.73902235
1990-01-26,57.28970820
1990-01-29,56.55850366
1990-01-30,55.83473445
1990-01-31,57.75632707
1990-02-01,57.03621436
1990-02-02,57.57345879
1990-02-05,58.10551754
1990-02-06,58.10551754
1990-02-07,58.37475983
1990-02-08,58.64465548
1990-02-09,58.26099207
1990-02-12,56.75255044
1990-02-13,57.31378151
1990-02-14,57.59322375
1990-02-15,57.87334773
1990-02-16,57.48767127
1990-02-20,55.60603161
1990-02-21,55.75311228
1990-02-22,55.56614084
1990-02-23,55.19014190
1990-02-26,56.38892004
1990-02-27,56.38892004
1990-02-28,57.27322618
1990-03-01,57.70866141
1990-03-02,57.85410748
1990-03-05,56.47357112
1990-03-06,57.35932104
1990-03-07,56.38813670
1990-03-08,56.53760616
1990-03-09,56.98680764
1990-03-12,56.39483687
1990-03-13,55.80612320
1990-03-14,55.80612320
1990-03-15,56.27692942
1990-03-16,58.80296684
1990-03-19,60.17742787
1990-03-20,59.37269419
1990-03-21,58.38156082
1990-03-22,57.79363196
1990-03-23,58.36144787
1990-03-26,58.50318705
1990-03-27,58.92919646
1990-03-28,58.12121391
1990-03-29,57.12684050
1990-03-30,56.92901166
1990-04-02,56.72943835
1990-04-03,57.48615943
1990-04-04,57.78603997
1990-04-05,56.96973336
1990-04-06,55.96605874
1990-04-09,56.12306832
1990-04-10,57.05623747
1990-04-11,57.66584162
1990-04-12,57.25310024
1990-04-16,57.25310024
1990-04-17,57.04255785
1990-04-18,54.79138319
1990-04-19,53.61915986
1990-04-20,53.23356359
1990-04-23,52.46719752
1990-04-24,51.71111703
1990-04-25,52.74847793
1990-04-26,53.08961333
1990-04-27,52.13390175
1990-04-30,52.30828364
1990-05-01,52.48409452
1990-05-02,53.35733529
1990-05-03,54.37909226
1990-05-04,56.01031063
1990-05-07,57.10077524
1990-05-08,56.89614821
1990-05-09,57.20768244
1990-05-10,57.51946903
1990-05-11,59.32550429
1990-05-14,58.48375327
1990-05-15,58.48375327
1990-05-16,58.78537190
1990-05-17,58.93684662
1990-05-18,59.24112727
1990-05-21,59.69614707
1990-05-22,60.29635452
1990-05-23,62.56135504
1990-05-24,62.83056742
1990-05-25,61.48355986
1990-05-29,62.70170849
1990-05-30,61.38718662
1990-05-31,61.79395060
1990-06-01,60.49938115
1990-06-04,61.58905673
1990-06-05,59.30441070
1990-06-06,59.98960394
1990-06-07,58.58706104
1990-06-08,57.99685117
1990-06-11,59.11240160
1990-06-12,59.52185256
1990-06-13,59.65860538
1990-06-14,59.65860538
1990-06-15,59.93786113
1990-06-18,57.90255337
1990-06-19,57.90255337
1990-06-20,58.48420560
1990-06-21,57.87508513
1990-06-22,56.09503867
1990-06-25,55.32691682
1990-06-26,55.32691682
1990-06-27,55.79520409
1990-06-28,56.10671237
1990-06-29,57.17943102
1990-07-02,57.77827687
1990-07-03,57.77827687
1990-07-05,56.95665154
1990-07-06,56.54832783
1990-07-09,56.54832783
1990-07-10,55.72413649
1990-07-11,57.90503707
1990-07-12,58.78863693
1990-07-13,60.20262971
1990-07-16,61.54277731
1990-07-17,60.30528651
1990-07-18,57.19081730
1990-07-19,56.08762533
1990-07-20,52.48844845
1990-07-23,51.68642477
1990-07-24,50.28185567
1990-07-25,50.43384671
1990-07-26,50.73977417
1990-07-27,50.42369108
1990-07-30,50.26470334
1990-07-31,51.65803315
1990-08-01,49.17083305
1990-08-02,46.60690439
1990-08-03,45.53514078
1990-08-06,43.50310039
1990-08-07,44.29210627
1990-08-08,43.55082763
1990-08-09,46.14448173
1990-08-10,45.15294210
1990-08-13,45.15294210
1990-08-14,43.93566394
1990-08-15,43.93566394
1990-08-16,42.97953452
1990-08-17,41.37906425
1990-08-20,40.50371755
1990-08-21,39.65180355
1990-08-22,39.54618693
1990-08-23,40.98283191
1990-08-24,44.27067660
1990-08-27,44.55588310
1990-08-28,43.98435687
1990-08-29,43.41874370
1990-08-30,41.78166682
1990-08-31,42.07742566
1990-09-04,42.22644919
1990-09-05,41.36176562
1990-09-06,40.31375958
1990-09-07,40.92188101
1990-09-10,41.82484208
1990-09-11,41.39643494
1990-09-12,42.29687668
1990-09-13,41.86138682
1990-09-14,42.31377239
1990-09-17,42.61613742
1990-09-18,43.36974966
1990-09-19,43.81936824
1990-09-20,43.01013915
1990-09-21,42.89521329
1990-09-24,42.09547925
1990-09-25,44.20833313
1990-09-26,43.29158126
1990-09-27,42.61837452
1990-09-28,44.09005160
1990-10-01,44.95037913
1990-10-02,45.51802691
1990-10-03,44.35670734
1990-10-04,43.45587139
1990-10-05,44.17551745
1990-10-08,44.06161502
1990-10-09,41.86865108
1990-10-10,41.44961162
1990-10-11,40.92954032
1990-10-12,41.96487805
1990-10-15,43.54411570
1990-10-16,43.21835885
1990-10-17,44.34595519
1990-10-18,46.50385646
1990-10-19,47.28236728
1990-10-22,47.79673382
1990-10-23,48.05409540
1990-10-24,47.57762061
1990-10-25,46.75367101
1990-10-26,45.94558203
1990-10-29,45.15293701
1990-10-30,46.09738532
1990-10-31,46.36536614
1990-11-01,46.36536614
1990-11-02,47.96648243
1990-11-05,49.24875960
1990-11-06,49.12578387
1990-11-07,47.55816517
1990-11-08,48.33104734
1990-11-09,49.09299960
1990-11-12,50.33283612
1990-11-13,50.93958696
1990-11-14,50.93958696
1990-11-15,49.80979744
1990-11-16,50.05976799
1990-11-19,50.31114056
1990-11-20,49.80198607
1990-11-21,49.29531691
1990-11-23,48.54293604
1990-11-26,49.06925015
1990-11-27,50.23246243
1990-11-28,50.86566783
1990-11-29,50.86566783
1990-11-30,50.60003171
1990-12-03,50.86066210
1990-12-04,51.38165777
1990-12-05,51.38165777
1990-12-06,51.51421341
1990-12-07,50.81068960
1990-12-10,50.81068960
1990-12-11,48.61899514
1990-12-12,49.72033333
1990-12-13,49.18496356
1990-12-14,48.91746899
1990-12-17,48.64879077
1990-12-18,50.31194642
1990-12-19,50.85084913
1990-12-20,52.16802726
1990-12-21,53.18737051
1990-12-24,51.92308413
1990-12-26,50.43489798
1990-12-27,49.90663133
1990-12-28,50.82214955
1990-12-31,51.46562505
1991-01-02,51.46562505
1991-01-03,51.46562505
1991-01-04,51.73031074
1991-01-07,51.30408557
1991-01-08,50.87833011
1991-01-09,51.28888360
1991-01-10,51.69888671
1991-01-11,52.77540196
1991-01-14,52.47840986
1991-01-15,53.41033397
1991-01-16,55.19505750
1991-01-17,55.04210453
1991-01-18,56.74650673
1991-01-21,57.90421865
1991-01-22,56.37180971
1991-01-23,56.48875349
1991-01-24,56.33538907
1991-01-25,56.57486792
1991-01-28,56.57486792
1991-01-29,57.06073417
1991-01-30,57.30333969
1991-01-31,58.26130656
1991-02-01,59.41724821
1991-02-04,59.41724821
1991-02-05,60.32399762
1991-02-06,62.04650443
1991-02-07,61.03728950
1991-02-08,59.88313413
1991-02-11,60.84979442
1991-02-12,59.08255527
1991-02-13,58.92456042
1991-02-14,57.97971041
1991-02-15,59.30520520
1991-02-19,60.36339130
1991-02-20,60.04625188
1991-02-21,59.72750937
1991-02-22,59.94346318
1991-02-25,60.16040589
1991-02-26,59.50573703
1991-02-27,59.17873370
1991-02-28,57.26110083
1991-03-01,57.26110083
1991-03-04,57.49785539
1991-03-05,60.49830757
1991-03-06,60.60291937
1991-03-07,60.81374226
1991-03-08,60.48501563
1991-03-11,53.70431512
1991-03-12,53.17782036
1991-03-13,55.29223627
1991-03-14,55.15909512
1991-03-15,54.89061655
1991-03-18,54.62057058
1991-03-19,52.77484875
1991-03-20,53.57153944
1991-03-21,51.91944490
1991-03-22,51.17961490
1991-03-25,51.53033188
1991-03-26,54.09809680
1991-03-27,54.52363183
1991-03-28,53.76433035
1991-04-01,54.40915333
1991-04-02,55.25423117
1991-04-03,55.67149004
1991-04-04,55.88042739
1991-04-05,54.83059140
1991-04-08,55.04502120
1991-04-09,53.12389912
1991-04-10,53.88669001
1991-04-11,57.49901554
1991-04-12,59.12503037
1991-04-15,58.99765032
1991-04-16,59.26499914
1991-04-17,59.44405343
1991-04-18,58.14621803
1991-04-19,57.50863532
1991-04-22,57.79068320
1991-04-23,58.07330723
1991-04-24,59.09337620
1991-04-25,57.04315544
1991-04-26,56.17711796
1991-04-29,54.49654432
1991-04-30,53.45250962
1991-05-01,52.76801319
1991-05-02,52.54025692
1991-05-03,52.74739443
1991-05-06,53.57067321
1991-05-07,54.17879640
1991-05-08,55.17262120
1991-05-09,57.42355596
1991-05-10,55.99572171
1991-05-13,55.76104340
1991-05-14,56.13449336
1991-05-15,52.53144369
1991-05-16,51.89709592
1991-05-17,51.89709592
1991-05-20,51.89709592
1991-05-21,50.61647423
1991-05-22,51.82385221
1991-05-23,53.36775378
1991-05-24,53.74413482
1991-05-28,55.38973816
1991-05-29,54.51431767
1991-05-30,55.23290522
1991-05-31,56.95936719
1991-06-03,58.73715849
1991-06-04,58.07275822
1991-06-05,54.71998478
1991-06-06,54.52016884
1991-06-07,53.52766431
1991-06-10,52.17706688
1991-06-11,52.69658655
1991-06-12,51.28210398
1991-06-13,50.82030065
1991-06-14,50.45116047
1991-06-17,51.34842160
1991-06-18,50.60386455
1991-06-19,49.86945405
1991-06-20,49.59531572
1991-06-21,49.50319793
1991-06-24,47.18861658
1991-06-25,47.38081406
1991-06-26,48.89214295
1991-06-27,48.62617526
1991-06-28,49.28001870
1991-07-01,48.56262853
1991-07-02,46.74831683
1991-07-03,46.74831683
1991-07-05,46.74831683
1991-07-08,47.72263328
1991-07-09,48.58257251
1991-07-10,49.70293751
1991-07-11,48.80291647
1991-07-12,49.54523551
1991-07-15,49.73031263
1991-07-16,49.00016003
1991-07-17,47.92812849
1991-07-18,49.06001341
1991-07-19,50.16030512
1991-07-22,49.25977318
1991-07-23,48.20504509
1991-07-24,48.39210219
1991-07-25,49.13828175
1991-07-26,48.78012473
1991-07-29,48.96899483
1991-07-30,49.25408843
1991-07-31,50.10339912
1991-08-01,52.00691343
1991-08-02,51.72065514
1991-08-05,51.33797524
1991-08-06,52.75799162
1991-08-07,52.36996737
1991-08-08,51.22212346
1991-08-09,50.75137688
1991-08-12,51.38661156
1991-08-13,51.92641852
1991-08-14,52.28514960
1991-08-15,51.60077457
1991-08-16,50.35754053
1991-08-19,49.88800157
1991-08-20,50.35810010
1991-08-21,52.35533130
1991-08-22,51.96923160
1991-08-23,52.14844308
1991-08-26,52.32906801
1991-08-27,53.74768854
1991-08-28,53.14536014
1991-08-29,52.74513228
1991-08-30,51.36996160
1991-09-03,50.60427198
1991-09-04,50.41349064
1991-09-05,49.84092342
1991-09-06,49.84092342
1991-09-09,49.45468683
1991-09-10,50.04445985
1991-09-11,50.82149767
1991-09-12,51.58631899
1991-09-13,46.61627286
1991-09-16,45.62420579
1991-09-17,45.29784859
1991-09-18,45.88754572
1991-09-19,45.63771154
1991-09-20,46.33016747
1991-09-23,45.48946530
1991-09-24,46.08563667
1991-09-25,46.18525449
1991-09-26,46.68552319
1991-09-27,46.50988521
1991-09-30,46.50988521
1991-10-01,45.71156225
1991-10-02,44.92835818
1991-10-03,44.58355008
1991-10-04,45.01215485
1991-10-07,45.01215485
1991-10-08,44.04582578
1991-10-09,43.95869924
1991-10-10,46.94342291
1991-10-11,46.85291634
1991-10-14,47.57159572
1991-10-15,48.77754421
1991-10-16,49.65954867
1991-10-17,48.34437737
1991-10-18,48.64040554
1991-10-21,47.89701549
1991-10-22,47.99790732
1991-10-23,47.71638325
1991-10-24,47.52761153
1991-10-25,47.52761153
1991-10-28,47.74086612
1991-10-29,48.58962418
1991-10-30,48.58962418
1991-10-31,46.17236116
1991-11-01,47.23869091
1991-11-04,46.58263615
1991-11-05,47.43006076
1991-11-06,47.23978995
1991-11-07,48.29318650
1991-11-08,48.50205455
1991-11-11,48.30388375
1991-11-12,48.51751874
1991-11-13,48.51751874
1991-11-14,48.51751874
1991-11-15,46.69810416
1991-11-18,47.36631751
1991-11-19,47.36631751
1991-11-20,46.96148022
1991-11-21,46.96148022
1991-11-22,46.75536649
1991-11-25,46.13842288
1991-11-26,46.85069343
1991-11-27,46.96939490
1991-11-29,46.86309744
1991-12-02,47.70456024
1991-12-03,47.37798955
1991-12-04,47.26845182
1991-12-05,47.15771978
1991-12-06,47.65590494
1991-12-09,48.15235057
1991-12-10,48.89079615
1991-12-11,48.53971416
1991-12-12,49.40076787
1991-12-13,50.12723073
1991-12-16,50.84396991
1991-12-17,50.35398479
1991-12-18,50.71577374
1991-12-19,48.44498040
1991-12-20,48.44498040
1991-12-23,49.90618689
1991-12-24,51.07969869
1991-12-26,53.08869048
1991-12-27,53.08869048
1991-12-30,54.16730762
1991-12-31,54.38035280
1992-01-02,55.43244047
1992-01-03,55.17396471
1992-01-06,54.40113931
1992-01-07,56.26756898
1992-01-08,56.86530422
1992-01-09,57.84066722
1992-01-10,57.05450815
1992-01-13,57.63926326
1992-01-14,58.40621194
1992-01-15,59.52266220
1992-01-16,62.89446190
1992-01-17,63.81291722
1992-01-20,62.76107214
1992-01-21,60.72780635
1992-01-22,61.82683097
1992-01-23,62.21041473
1992-01-24,62.51645011
1992-01-27,61.50470473
1992-01-28,62.27968399
1992-01-29,60.18761602
1992-01-30,60.26734849
1992-01-31,59.54068383
1992-02-03,59.41941647
1992-02-04,61.26250842
1992-02-05,61.34005854
1992-02-06,60.96823650
1992-02-07,62.28396744
1992-02-10,62.73427075
1992-02-11,62.88427796
1992-02-12,64.34214815
1992-02-13,64.62439442
1992-02-14,63.22660580
1992-02-18,60.68177209
1992-02-19,59.98123307
1992-02-20,61.34106360
1992-02-21,62.35162634
1992-02-24,60.18319798
1992-02-25,58.76308974
1992-02-26,59.80057576
1992-02-27,58.93996784
1992-02-28,58.09090180
1992-03-02,59.42655125
1992-03-03,58.68781080
1992-03-04,57.75038472
1992-03-05,57.54292547
1992-03-06,56.51209005
1992-03-09,56.51209005
1992-03-10,57.91199165
1992-03-11,56.27653048
1992-03-12,57.19727222
1992-03-13,57.19727222
1992-03-16,58.03290006
1992-03-17,58.25862363
1992-03-18,58.78394297
1992-03-19,57.93758468
1992-03-20,57.41288267
1992-03-23,55.97139324
1992-03-24,54.38642018
1992-03-25,53.61542982
1992-03-26,52.48200293
1992-03-27,49.97823097
1992-03-30,48.63175187
1992-03-31,49.99986894
1992-04-01,50.33571948
1992-04-02,49.99465861
1992-04-03,49.65296709
1992-04-06,51.74637023
1992-04-07,50.63448218
1992-04-08,51.44948963
1992-04-09,51.27753805
1992-04-10,47.34035510
1992-04-13,46.59876675
1992-04-14,48.16567244
1992-04-15,48.96610192
1992-04-16,48.21000724
1992-04-20,47.46561090
1992-04-21,47.16972912
1992-04-22,48.31500220
1992-04-23,48.16350539
1992-04-24,48.01063033
1992-04-27,47.55072607
1992-04-28,47.39703231
1992-04-29,48.32997305
1992-04-30,49.24423922
1992-05-01,48.68744955
1992-05-04,48.60771537
1992-05-05,49.85877139
1992-05-06,49.45124031
1992-05-07,49.45124031
1992-05-08,49.20233297
1992-05-11,49.03521266
1992-05-12,48.04092572
1992-05-13,47.79487165
1992-05-14,46.34820769
1992-05-15,45.87810621
1992-05-18,45.25649198
1992-05-19,45.10132263
1992-05-20,45.76232604
1992-05-21,45.52374185
1992-05-22,46.28222242
1992-05-26,45.79653684
1992-05-27,47.11180767
1992-05-28,47.84627551
1992-05-29,47.51122240
1992-06-01,48.24736402
1992-06-02,48.33933916
1992-06-03,48.61759489
1992-06-04,47.74697747
1992-06-05,47.57391635
1992-06-08,48.05195486
1992-06-09,48.24369166
1992-06-10,47.70720814
1992-06-11,47.61758333
1992-06-12,47.25689621
1992-06-15,46.54081765
1992-06-16,46.54081765
1992-06-17,46.00157167
1992-06-18,48.62154316
1992-06-19,49.94960153
1992-06-22,50.87083833
1992-06-23,51.59474928
1992-06-24,51.40245108
1992-06-25,51.11221187
1992-06-26,51.75772475
1992-06-29,53.53790777
1992-06-30,52.94264813
1992-07-01,53.64063202
1992-07-02,51.97676786
1992-07-06,52.76457038
1992-07-07,52.08955664
1992-07-08,52.70406446
1992-07-09,53.05351975
1992-07-10,52.26905074
1992-07-13,52.44759064
1992-07-14,53.50727631
1992-07-15,53.50727631
1992-07-16,53.30305552
1992-07-17,51.69991172
1992-07-20,51.50327221
1992-07-21,52.05887242
1992-07-22,51.06852154
1992-07-23,52.71305953
1992-07-24,53.24505460
1992-07-27,52.05549264
1992-07-28,53.80255296
1992-07-29,53.40724768
1992-07-30,53.58043115
1992-07-31,54.10029504
1992-08-03,54.87024728
1992-08-04,54.66328017
1992-08-05,53.63599552
1992-08-06,52.92881830
1992-08-07,53.01868539
1992-08-10,53.38029193
1992-08-11,53.27618256
1992-08-12,52.24132947
1992-08-13,52.80001623
1992-08-14,53.62646730
1992-08-17,52.68948236
1992-08-18,52.07344692
1992-08-19,50.66949654
1992-08-20,51.52281979
1992-08-21,51.02481005
1992-08-24,49.94610190
1992-08-25,50.81024794
1992-08-26,51.37857782
1992-08-27,51.94252537
1992-08-28,51.94252537
1992-08-31,52.13340169
1992-09-01,52.98685745
1992-09-02,54.18524568
1992-09-03,55.25452758
1992-09-04,54.39494517
1992-09-08,54.18091884
1992-09-09,55.60025323
1992-09-10,56.45646461
1992-09-11,56.23617102
1992-09-14,57.25254899
1992-09-15,55.71926874
1992-09-16,55.71926874
1992-09-17,56.23737020
1992-09-18,56.75132479
1992-09-21,56.41487647
1992-09-22,55.85438763
1992-09-23,57.48457671
1992-09-24,56.92277237
1992-09-25,55.81475603
1992-09-28,56.16142540
1992-09-29,56.33538303
1992-09-30,56.51067366
1992-10-01,54.72576316
1992-10-02,53.65010205
1992-10-05,54.46812673
1992-10-06,55.78892287
1992-10-07,55.96192310
1992-10-08,56.30917245
1992-10-09,56.48341072
1992-10-12,55.91717906
1992-10-13,54.80124595
1992-10-14,53.50001063
1992-10-15,54.14507865
1992-10-16,53.49902015
1992-10-19,55.39111788
1992-10-20,55.99726570
1992-10-21,57.50523810
1992-10-22,56.41439554
1992-10-23,55.87611768
1992-10-26,56.79714173
1992-10-27,55.72323591
1992-10-28,55.72323591
1992-10-29,55.07868663
1992-10-30,55.77145069
1992-11-02,55.94397069
1992-11-03,55.50422823
1992-11-04,55.76904063
1992-11-05,57.39993137
1992-11-06,56.50891884
1992-11-09,56.67967067
1992-11-10,57.10722309
1992-11-11,57.44844896
1992-11-12,56.42273857
1992-11-13,57.11400565
1992-11-16,55.76633828
1992-11-17,54.88939667
1992-11-18,56.11591229
1992-11-19,56.28836048
1992-11-20,56.80548809
1992-11-23,56.13105754
1992-11-24,56.48090457
1992-11-25,56.65642245
1992-11-27,57.00864231
1992-11-30,57.36055427
1992-12-01,58.39813127
1992-12-02,58.56879698
1992-12-03,61.15796909
1992-12-04,62.06096200
1992-12-07,62.20966423
1992-12-08,61.47547795
1992-12-09,62.23001583
1992-12-10,62.82166285
1992-12-11,61.23850199
1992-12-14,60.40599131
1992-12-15,59.81609036
1992-12-16,63.37592776
1992-12-17,64.92176859
1992-12-18,64.00715262
1992-12-21,66.18441721
1992-12-22,65.07389530
1992-12-23,65.65911144
1992-12-24,65.65911144
1992-12-28,65.83625869
1992-12-29,64.59539937
1992-12-30,63.70848270
1992-12-31,62.83229423
1993-01-04,62.39651752
1993-01-05,64.63828374
1993-01-06,67.92861916
1993-01-07,68.32123612
1993-01-08,67.58598186
1993-01-11,68.99017065
1993-01-12,68.67758108
1993-01-13,71.51735267
1993-01-14,72.34020296
1993-01-15,71.54056583
1993-01-18,73.01730700
1993-01-19,71.56671324
1993-01-20,69.96673847
1993-01-21,69.50260048
1993-01-22,69.12999355
1993-01-25,69.54455958
1993-01-26,70.07514833
1993-01-27,68.76480962
1993-01-28,66.16209120
1993-01-29,64.62026495
1993-02-01,66.21931174
1993-02-02,66.21931174
1993-02-03,64.62910330
1993-02-04,64.76479554
1993-02-05,63.20517299
1993-02-08,62.72074354
1993-02-09,64.33994765
1993-02-10,65.72242789
1993-02-11,64.37585260
1993-02-12,63.52056398
1993-02-16,60.47887532
1993-02-17,61.43940829
1993-02-18,61.97574845
1993-02-19,63.80778055
1993-02-22,63.30350668
1993-02-23,62.58588584
1993-02-24,64.07492593
1993-02-25,64.15541327
1993-02-26,63.29126922
1993-03-01,62.57789020
1993-03-02,63.97985841
1993-03-03,64.10038595
1993-03-04,63.38239667
1993-03-05,61.76632321
1993-03-08,62.85372025
1993-03-09,62.30001026
1993-03-10,61.81606290
1993-03-11,61.67704615
1993-03-12,61.93786091
1993-03-15,62.28544791
1993-03-16,62.67491104
1993-03-17,59.88360820
1993-03-18,60.24326421
1993-03-19,59.16580797
1993-03-22,58.76550617
1993-03-23,58.49753555
1993-03-24,59.15953971
1993-03-25,59.58047835
1993-03-26,58.89544862
1993-03-29,58.94339983
1993-03-30,59.42404317
1993-03-31,59.14276212
1993-04-01,57.21729105
1993-04-02,55.13386004
1993-04-05,56.19692023
1993-04-06,56.74219356
1993-04-07,57.71420699
1993-04-08,57.19212659
1993-04-12,58.89166295
1993-04-13,56.42682364
1993-04-14,56.47427320
1993-04-15,55.91777380
1993-04-16,55.12096580
1993-04-19,49.69886075
1993-04-20,50.99767452
1993-04-21,51.67999779
1993-04-22,49.00682969
1993-04-23,47.79784201
1993-04-26,45.89601285
1993-04-27,47.71409335
1993-04-28,48.66118516
1993-04-29,49.12912027
1993-04-30,48.90276651
1993-05-03,49.61011257
1993-05-04,51.21066021
1993-05-05,51.25558508
1993-05-06,51.15989764
1993-05-07,51.43614621
1993-05-10,51.62142595
1993-05-11,50.44856048
1993-05-12,49.87313609
1993-05-13,49.82503981
1993-05-14,49.67905427
1993-05-17,50.27096513
1993-05-18,51.14641580
1993-05-19,52.37632639
1993-05-20,52.27351926
1993-05-21,51.96272585
1993-05-24,52.15532596
1993-05-25,52.04935932
1993-05-26,54.58006097
1993-05-27,55.37735424
1993-05-28,54.56667336
1993-06-01,56.17395238
1993-06-02,55.84856318
1993-06-03,55.46784566
1993-06-04,54.97845666
1993-06-07,56.19953524
1993-06-08,54.90322870
1993-06-09,54.26757760
1993-06-10,53.22450465
1993-06-11,54.55520772
1993-06-14,54.98872223
1993-06-15,55.42061493
1993-06-16,54.36108897
1993-06-17,54.04627686
1993-06-18,53.41789637
1993-06-21,54.40496368
1993-06-22,53.36097768
1993-06-23,52.94821460
1993-06-24,51.92832130
1993-06-25,52.57773450
1993-06-28,53.57859068
1993-06-29,53.93762742
1993-06-30,52.69582802
1993-07-01,51.88699247
1993-07-02,51.78608747
1993-07-06,51.27963827
1993-07-07,50.77532802
1993-07-08,52.39209754
1993-07-09,53.30829919
1993-07-12,52.99754774
1993-07-13,52.07264728
1993-07-14,51.16577530
1993-07-15,50.66787937
1993-07-16,48.92711901
1993-07-19,49.22242322
1993-07-20,50.10146467
1993-07-21,49.42557295
1993-07-22,48.56995610
1993-07-23,49.93907849
1993-07-26,50.79432540
1993-07-27,50.88899956
1993-07-28,51.36423492
1993-07-29,50.86434224
1993-07-30,50.26810711
1993-08-02,50.56239622
1993-08-03,50.85772739
1993-08-04,52.39807167
1993-08-05,52.95963393
1993-08-06,54.06047157
1993-08-09,54.42156874
1993-08-10,53.67175941
1993-08-11,55.02048401
1993-08-12,55.10897698
1993-08-13,55.72816304
1993-08-16,58.78032790
1993-08-17,59.16668636
1993-08-18,59.47531376
1993-08-19,58.13649033
1993-08-20,57.91580889
1993-08-23,58.23781462
1993-08-24,57.56678569
1993-08-25,56.68237029
1993-08-26,57.26582221
1993-08-27,57.43219527
1993-08-30,57.68317355
1993-08-31,57.85143670
1993-09-01,57.15894467
1993-09-02,56.69940683
1993-09-03,56.46886512
1993-09-07,55.77785021
1993-09-08,56.49871295
1993-09-09,57.72356195
1993-09-10,58.23541490
1993-09-13,57.52802369
1993-09-14,56.14276880
1993-09-15,57.27473289
1993-09-16,56.47755141
1993-09-17,56.65262406
1993-09-20,57.26371681
1993-09-21,57.35094509
1993-09-22,58.72018475
1993-09-23,59.46367188
1993-09-24,59.70933498
1993-09-27,60.75606564
1993-09-28,62.21323571
1993-09-29,62.51087090
1993-09-30,60.10667062
1993-10-01,61.46150358
1993-10-04,61.22685480
1993-10-05,58.72222423
1993-10-06,58.06430450
1993-10-07,57.62714528
1993-10-08,58.57736229
1993-10-11,54.63681804
1993-10-12,54.24668799
1993-10-13,53.09162763
1993-10-14,53.92200812
1993-10-15,53.92200812
1993-10-18,52.57792836
1993-10-19,52.01359920
1993-10-20,52.35981318
1993-10-21,53.55106508
1993-10-22,53.35748492
1993-10-25,52.77620473
1993-10-26,52.94973067
1993-10-27,53.47066741
1993-10-28,52.68081226
1993-10-29,52.48396387
1993-11-01,52.48396387
1993-11-02,52.08248025
1993-11-03,50.60805209
1993-11-04,49.19363352
1993-11-05,50.50489377
1993-11-08,49.94383386
1993-11-09,50.68569195
1993-11-10,52.47410149
1993-11-11,52.64850736
1993-11-12,51.87514426
1993-11-15,49.83076704
1993-11-16,50.19322764
1993-11-17,49.02413773
1993-11-18,48.32071196
1993-11-19,47.62666027
1993-11-22,48.09984961
1993-11-23,49.12686588
1993-11-24,49.94985043
1993-11-26,50.13192519
1993-11-29,49.85562960
1993-11-30,51.04313548
1993-12-01,51.93245474
1993-12-02,52.10916424
1993-12-03,52.46413513
1993-12-06,49.48404837
1993-12-07,49.39500429
1993-12-08,49.48731957
1993-12-09,48.41093830
1993-12-10,47.19462648
1993-12-13,48.13986288
1993-12-14,48.13986288
1993-12-15,49.08005585
1993-12-16,49.08005585
1993-12-17,48.53547714
1993-12-20,48.91923310
1993-12-21,49.68138105
1993-12-22,51.34045527
1993-12-23,51.61052717
1993-12-27,52.06089625
1993-12-28,52.95038948
1993-12-29,52.26101057
1993-12-30,52.16247022
1993-12-31,51.37544713
1994-01-03,50.79171068
1994-01-04,52.61442854
1994-01-05,52.96829167
1994-01-06,52.76818354
1994-01-07,54.08935343
1994-01-10,54.85879711
1994-01-11,54.65207163
1994-01-12,55.75280555
1994-01-13,55.43741673
1994-01-14,55.77618182
1994-01-17,53.90338679
1994-01-18,54.59160863
1994-01-19,50.92379559
1994-01-20,51.78950605
1994-01-21,52.72124937
1994-01-24,52.97298937
1994-01-25,52.68806351
1994-01-26,51.56137336
1994-01-27,51.99577188
1994-01-28,52.60019905
1994-01-31,52.68662656
1994-02-01,52.20323562
1994-02-02,52.64450307
1994-02-03,51.11092442
1994-02-04,50.00141758
1994-02-07,50.18446482
1994-02-08,51.27157239
1994-02-09,51.54009013
1994-02-10,50.96958988
1994-02-11,51.42465457
1994-02-14,51.51606636
1994-02-15,52.33589436
1994-02-16,53.74800687
1994-02-17,53.34671632
1994-02-18,53.52292962
1994-02-22,54.90678608
1994-02-23,54.80321371
1994-02-24,54.07794115
1994-02-25,54.42795489
1994-02-28,54.77801831
1994-03-01,53.12033197
1994-03-02,53.01849417
1994-03-03,54.00369003
1994-03-04,55.13299552
1994-03-07,56.22455676
1994-03-08,55.80031847
1994-03-09,56.38523350
1994-03-10,55.11536444
1994-03-11,53.88289027
1994-03-14,54.82339509
1994-03-15,55.65833301
1994-03-16,56.07062469
1994-03-17,56.31811814
1994-03-18,56.10409799
1994-03-21,56.27286631
1994-03-22,56.05398594
1994-03-23,55.61458613
1994-03-24,54.52926956
1994-03-25,54.10036438
1994-03-28,53.14513443
1994-03-29,51.20656048
1994-03-30,51.20656048
1994-03-31,52.15405285
1994-04-04,51.94914619
1994-04-05,53.07266043
1994-04-06,53.71384451
1994-04-07,54.43644092
1994-04-08,53.37851664
1994-04-11,53.22094381
1994-04-12,50.44809817
1994-04-13,48.94135484
1994-04-14,46.22465089
1994-04-15,46.14073365
1994-04-18,45.30545072
1994-04-19,44.64872870
1994-04-20,44.64872870
1994-04-21,46.83476959
1994-04-22,46.93153179
1994-04-25,48.82337548
1994-04-26,49.09980443
1994-04-28,48.00255210
1994-04-29,47.52791119
1994-05-02,47.18330950
1994-05-03,46.41429723
1994-05-04,45.86595831
1994-05-05,46.26273528
1994-05-06,46.75816038
1994-05-09,46.02554422
1994-05-10,46.72371739
1994-05-11,46.72371739
1994-05-12,46.06517547
1994-05-13,45.93367994
1994-05-16,45.32047637
1994-05-17,45.94862555
1994-05-18,46.52059390
1994-05-19,47.49526251
1994-05-20,47.21925028
1994-05-23,47.03418518
1994-05-24,48.66878098
1994-05-25,48.47884363
1994-05-26,47.90916084
1994-05-27,48.62451471
1994-05-31,49.52955415
1994-06-01,51.16771510
1994-06-02,51.08040285
1994-06-03,49.89453920
1994-06-06,48.88597208
1994-06-07,48.74301354
1994-06-08,47.42832014
1994-06-09,46.87797198
1994-06-10,47.68713842
1994-06-13,47.32687317
1994-06-14,48.74766594
1994-06-15,48.51035602
1994-06-16,48.17687460
1994-06-17,47.79550542
1994-06-20,46.94628387
1994-06-21,46.29648649
1994-06-22,47.66284206
1994-06-23,46.73391611
1994-06-24,46.73391611
1994-06-27,47.88633327
1994-06-28,48.29943541
1994-06-29,47.62840940
1994-06-30,46.96570557
1994-07-01,47.39052923
1994-07-05,46.44587592
1994-07-06,45.75120373
1994-07-07,46.66933308
1994-07-08,47.72640773
1994-07-11,48.54216512
1994-07-12,48.55511337
1994-07-13,49.88644154
1994-07-14,49.68553455
1994-07-15,48.11125251
1994-07-18,47.44331615
1994-07-19,46.23265649
1994-07-20,45.86689811
1994-07-21,47.53976455
1994-07-22,47.08595374
1994-07-25,47.03916942
1994-07-26,46.66253738
1994-07-27,46.28614398
1994-07-28,47.20524168
1994-07-29,48.36644191
1994-08-01,48.67911048
1994-08-02,48.57951583
1994-08-03,48.17909414
1994-08-04,46.80763605
1994-08-05,47.56559832
1994-08-08,47.46745665
1994-08-09,48.54562932
1994-08-10,48.97109984
1994-08-11,49.50122328
1994-08-12,49.34502992
1994-08-15,49.82737268
1994-08-16,50.51858424
1994-08-17,52.31492061
1994-08-18,51.97273279
1994-08-19,52.03646095
1994-08-22,52.29361369
1994-08-23,52.70566187
1994-08-24,52.64793627
1994-08-25,53.42510856
1994-08-26,54.13860206
1994-08-29,54.24031783
1994-08-30,54.95059798
1994-08-31,53.74031698
1994-09-01,52.33548410
1994-09-02,52.32100781
1994-09-06,53.17565697
1994-09-07,54.10123789
1994-09-08,54.50715150
1994-09-09,53.42741986
1994-09-12,52.25923079
1994-09-13,52.88696337
1994-09-14,52.99159685
1994-09-15,54.33066019
1994-09-16,54.21002622
1994-09-19,54.51773499
1994-09-20,53.30501934
1994-09-21,52.70961926
1994-09-22,51.88556039
1994-09-23,50.73474615
1994-09-26,50.16968183
1994-09-27,50.05642902
1994-09-28,49.15491971
1994-09-29,49.27091453
1994-09-30,49.15701851
1994-10-03,48.02947996
1994-10-04,46.09653266
1994-10-05,46.82107507
1994-10-06,47.00195468
1994-10-07,47.48570410
1994-10-10,48.44162770
1994-10-11,48.50112934
1994-10-12,47.82837303
1994-10-13,47.05500195
1994-10-14,46.72612614
1994-10-17,46.45136084
1994-10-18,46.51524208
1994-10-19,48.27027093
1994-10-20,48.93879318
1994-10-21,48.76423277
1994-10-24,47.83994750
1994-10-25,47.32747474
1994-10-26,48.38812207
1994-10-27,48.88010822
1994-10-28,50.55552332
1994-10-31,50.43561553
1994-11-01,49.71700080
1994-11-02,50.78525735
1994-11-03,50.18370214
1994-11-04,48.77542200
1994-11-07,48.54482618
1994-11-08,49.21539137
1994-11-09,49.63957281
1994-11-10,49.51955937
1994-11-11,49.03788366
1994-11-14,50.62319851
1994-11-15,49.95545697
1994-11-16,49.53319743
1994-11-17,50.50444506
1994-11-18,52.19792996
1994-11-21,54.12201663
1994-11-22,52.76613139
1994-11-23,53.09164403
1994-11-25,51.88124764
1994-11-28,53.07638132
1994-11-29,53.29061095
1994-11-30,51.04221360
1994-12-01,50.58586911
1994-12-02,50.80920091
1994-12-05,51.91285208
1994-12-06,52.23933740
1994-12-07,52.45789426
1994-12-08,50.57739182
1994-12-09,50.57739182
1994-12-12,48.44996121
1994-12-13,48.56560068
1994-12-14,48.45520529
1994-12-15,46.93802843
1994-12-16,47.76850549
1994-12-19,46.34766213
1994-12-20,49.45787309
1994-12-21,50.62076919
1994-12-22,51.03682836
1994-12-23,50.87356945
1994-12-27,51.23006079
1994-12-28,50.47231607
1994-12-29,52.04410188
1994-12-30,51.60059505
1995-01-03,51.48917946
1995-01-04,51.37652879
1995-01-05,51.80492112
1995-01-06,52.54797101
1995-01-09,53.38222090
1995-01-10,53.89672883
1995-01-11,53.53666447
1995-01-12,54.26078575
1995-01-13,55.07347609
1995-01-16,55.07347609
1995-01-17,53.96087932
1995-01-18,55.87227117
1995-01-19,56.87711103
1995-01-20,55.05806074
1995-01-23,56.24250133
1995-01-24,57.06984022
1995-01-25,56.46743680
1995-01-26,56.04683337
1995-01-27,56.47021504
1995-01-30,55.50486051
1995-01-31,54.90903506
1995-02-01,55.87126410
1995-02-02,57.03523899
1995-02-03,57.98078468
1995-02-06,58.07004690
1995-02-07,57.45032986
1995-02-08,59.96694481
1995-02-09,60.53910287
1995-02-10,60.41383342
1995-02-13,60.16095306
1995-02-14,61.07116731
1995-02-15,61.87540271
1995-02-16,61.95523303
1995-02-17,60.85523974
1995-02-21,60.97940953
1995-02-22,61.39398700
1995-02-23,59.78130617
1995-02-24,60.07950814
1995-02-27,59.88623502
1995-02-28,60.86646081
1995-03-01,59.83345889
1995-03-02,59.99506892
1995-03-03,61.91458450
1995-03-06,62.15383967
1995-03-07,60.23232782
1995-03-08,59.60844583
1995-03-09,59.90370735
1995-03-10,60.11521175
1995-03-13,60.70467535
1995-03-14,61.36738782
1995-03-15,60.84628703
1995-03-16,60.39056650
1995-03-17,59.82175669
1995-03-20,61.49505933
1995-03-21,61.36445640
1995-03-22,62.10015729
1995-03-23,62.74066901
1995-03-24,63.21421734
1995-03-27,64.06461844
1995-03-28,64.66793610
1995-03-29,63.12076456
1995-03-30,61.37022396
1995-03-31,60.86228574
1995-04-03,63.11044478
1995-04-04,61.20205741
1995-04-05,61.24046332
1995-04-06,60.15212009
1995-04-07,61.16460467
1995-04-10,61.99447079
1995-04-11,63.57549970
1995-04-12,63.85317286
1995-04-13,65.58511493
1995-04-17,64.61758606
1995-04-18,64.78247644
1995-04-19,63.81592311
1995-04-20,63.51516072
1995-04-21,63.39379044
1995-04-24,65.34438392
1995-04-25,66.22675086
1995-04-26,66.89928379
1995-04-27,67.37908899
1995-04-28,68.19839848
1995-05-01,68.98943220
1995-05-02,68.86515865
1995-05-03,70.33062198
1995-05-04,71.34528759
1995-05-05,70.12740436
1995-05-08,71.32071444
1995-05-09,70.96083938
1995-05-10,68.61662003
1995-05-11,68.82580866
1995-05-12,68.30560010
1995-05-15,68.01553686
1995-05-16,68.23474048
1995-05-17,69.04278147
1995-05-18,69.04278147
1995-05-19,69.31120080
1995-05-22,70.40574930
1995-05-23,71.39266030
1995-05-24,71.15167577
1995-05-25,71.63783481
1995-05-26,70.07857800
1995-05-30,65.30357728
1995-05-31,66.06809700
1995-06-01,67.11928546
1995-06-02,67.82785712
1995-06-05,67.19754949
1995-06-06,64.45989323
1995-06-07,64.78370383
1995-06-08,65.07990379
1995-06-09,64.23191954
1995-06-12,63.29574556
1995-06-13,62.85502490
1995-06-14,63.54253729
1995-06-15,64.70367235
1995-06-16,65.13331727
1995-06-19,68.04665861
1995-06-20,70.27026049
1995-06-21,68.27512496
1995-06-22,69.40361676
1995-06-23,69.56355510
1995-06-26,68.65236004
1995-06-27,65.34878568
1995-06-28,65.70167724
1995-06-29,66.18262872
1995-06-30,65.50416682
1995-07-03,65.50416682
1995-07-05,65.82040854
1995-07-06,67.00535861
1995-07-07,68.83426326
1995-07-10,70.04290702
1995-07-11,68.18991045
1995-07-12,70.13723319
1995-07-13,70.87497045
1995-07-14,71.83848795
1995-07-17,72.30377298
1995-07-18,68.40131229
1995-07-19,60.12887831
1995-07-20,59.44436137
1995-07-21,58.04617288
1995-07-24,60.64118979
1995-07-25,61.61959968
1995-07-26,60.85143719
1995-07-27,61.20230658
1995-07-28,59.78734179
1995-07-31,58.00622898
1995-08-01,56.59602920
1995-08-02,55.23228657
1995-08-03,55.62017550
1995-08-04,55.52245751
1995-08-07,56.45484544
1995-08-08,57.21396475
1995-08-09,58.03133980
1995-08-10,56.53554214
1995-08-11,57.64434674
1995-08-14,57.79016319
1995-08-15,57.09149972
1995-08-16,57.83117476
1995-08-17,56.93406474
1995-08-18,56.34228475
1995-08-21,52.89865413
1995-08-22,54.12995149
1995-08-23,54.20594074
1995-08-24,53.24293810
1995-08-25,52.77787196
1995-08-28,51.55817022
1995-08-29,51.72005421
1995-08-30,52.68361590
1995-08-31,53.31448181
1995-09-01,52.95593690
1995-09-05,54.69648793
1995-09-06,53.84224690
1995-09-07,55.33379861
1995-09-08,55.69729267
1995-09-11,55.69729267
1995-09-12,55.14183936
1995-09-13,55.14183936
1995-09-14,54.25811701
1995-09-15,53.12044092
1995-09-18,53.59478578
1995-09-19,53.45745021
1995-09-20,53.45745021
1995-09-21,52.31659285
1995-09-22,51.85115521
1995-09-25,51.48805315
1995-09-26,51.30560542
1995-09-27,50.98450735
1995-09-28,52.74386278
1995-09-29,51.46265192
1995-10-02,50.74723957
1995-10-03,51.22072673
1995-10-04,50.41525505
1995-10-05,51.90873325
1995-10-06,52.65359631
1995-10-09,51.30841461
1995-10-10,52.29857966
1995-10-11,53.10567730
1995-10-12,53.66306007
1995-10-13,52.93279019
1995-10-16,53.17547688
1995-10-17,54.67860672
1995-10-18,56.03650619
1995-10-19,56.18464933
1995-10-20,55.51962538
1995-10-23,55.74761386
1995-10-24,55.97678483
1995-10-25,54.91767770
1995-10-26,54.86975428
1995-10-27,55.77138122
1995-10-30,56.91175187
1995-10-31,56.98684256
1995-11-01,57.55034772
1995-11-02,58.75758876
1995-11-03,58.45062961
1995-11-06,57.08760619
1995-11-07,53.74067612
1995-11-08,53.42703386
1995-11-09,55.28246211
1995-11-10,54.74004357
1995-11-13,53.93386120
1995-11-14,52.53684010
1995-11-15,52.27896873
1995-11-16,51.00758309
1995-11-17,50.92373124
1995-11-20,50.50214051
1995-11-21,51.07802612
1995-11-22,50.31363894
1995-11-24,51.05751181
1995-11-27,49.06793187
1995-11-28,51.46878876
1995-11-29,50.98064953
1995-11-30,49.62626374
1995-12-01,49.70608837
1995-12-04,50.18710397
1995-12-05,49.94453507
1995-12-06,49.74106309
1995-12-07,50.03052037
1995-12-08,51.17294884
1995-12-11,51.33437793
1995-12-12,50.48675603
1995-12-13,50.73460691
1995-12-14,48.99112320
1995-12-15,47.87712678
1995-12-18,47.25354116
1995-12-19,49.34742667
1995-12-20,48.87450780
1995-12-21,48.79535201
1995-12-22,48.47640093
1995-12-26,48.73166487
1995-12-27,48.40690474
1995-12-28,47.28671388
1995-12-29,47.04975734
1996-01-02,48.36373439
1996-01-03,47.80152033
1996-01-04,47.64081644
1996-01-05,47.64081644
1996-01-08,47.73144435
1996-01-09,46.03209557
1996-01-10,45.48388473
1996-01-11,47.48037198
1996-01-12,47.32036813
1996-01-15,45.30462310
1996-01-16,46.98085401
1996-01-17,43.68863078
1996-01-18,44.37710471
1996-01-19,44.63491015
1996-01-22,45.06589564
1996-01-23,45.53952290
1996-01-24,46.93353350
1996-01-25,46.85970323
1996-01-26,47.11318879
1996-01-29,46.77329070
1996-01-30,46.58365969
1996-01-31,47.35321502
1996-02-01,48.04911407
1996-02-02,48.39021030
1996-02-05,49.56726833
1996-02-06,50.22608251
1996-02-07,49.40671299
1996-02-08,49.16234868
1996-02-09,49.24732988
1996-02-12,49.40837681
1996-02-13,48.66601038
1996-02-14,49.27651575
1996-02-15,48.93873682
1996-02-16,48.98313626
1996-02-20,49.20739865
1996-02-21,50.18595562
1996-02-22,51.39634014
1996-02-23,51.26080736
1996-02-26,50.94244965
1996-02-27,50.85080879
1996-02-28,51.20738862
1996-02-29,49.78587591
1996-03-01,47.87025690
1996-03-04,47.07586094
1996-03-05,47.44878664
1996-03-06,46.04822031
1996-03-07,45.96715954
1996-03-08,46.25542138
1996-03-11,47.58085937
1996-03-12,47.32684464
1996-03-13,48.26192517
1996-03-14,48.26192517
1996-03-15,50.26550582
1996-03-18,50.70613188
1996-03-19,50.16447610
1996-03-20,47.91198771
1996-03-21,48.18463809
1996-03-22,48.36763025
1996-03-25,47.52595290
1996-03-26,48.43725062
1996-03-27,48.80302722
1996-03-28,48.62785374
1996-03-29,48.99969514
1996-04-01,49.18646758
1996-04-02,49.00420114
1996-04-03,49.57354438
1996-04-04,50.78270228
1996-04-08,51.77642830
1996-04-09,52.65895417
1996-04-10,52.56126032
1996-04-11,51.54155688
1996-04-12,50.92045719
1996-04-15,51.64877204
1996-04-16,54.55938945
1996-04-17,54.02508633
1996-04-18,55.04136646
1996-04-19,54.64876013
1996-04-22,56.23404702
1996-04-23,56.45626889
1996-04-24,57.75393036
1996-04-25,57.24802499
1996-04-26,56.94406192
1996-04-29,56.03750775
1996-04-30,55.73710641
1996-05-01,55.81729037
1996-05-02,55.89843040
1996-05-03,56.34624987
1996-05-06,56.38713580
1996-05-07,55.64603752
1996-05-08,56.23029300
1996-05-09,56.12303077
1996-05-10,56.46043763
1996-05-13,58.17535136
1996-05-14,58.88031161
1996-05-15,58.43571967
1996-05-16,57.99100088
1996-05-17,57.32636145
1996-05-20,57.21536214
1996-05-21,56.54814241
1996-05-22,56.21524248
1996-05-23,56.90239106
1996-05-24,56.98808692
1996-05-28,58.00576629
1996-05-29,56.97886047
1996-05-30,57.06463640
1996-05-31,59.67748661
1996-06-03,60.36643769
1996-06-04,60.07685453
1996-06-05,60.42392593
1996-06-06,58.92102054
1996-06-07,58.92102054
1996-06-10,57.89273741
1996-06-11,58.62607269
1996-06-12,59.57935371
1996-06-13,57.99601963
1996-06-14,56.26059243
1996-06-17,55.41848739
1996-06-18,54.08249065
1996-06-19,54.76406667
1996-06-20,54.55844384
1996-06-21,54.73107105
1996-06-24,56.24004774
1996-06-25,55.62115144
1996-06-26,55.30551523
1996-06-27,56.23047636
1996-06-28,55.85692413
1996-07-01,56.97658500
1996-07-02,56.65227290
1996-07-03,56.73564277
1996-07-05,54.39798123
1996-07-08,54.99718437
1996-07-09,55.25310747
1996-07-10,54.83086008
1996-07-11,52.10128011
1996-07-12,53.32491963
1996-07-15,51.69621402
1996-07-16,52.30541966
1996-07-17,53.41362529
1996-07-18,53.99816571
1996-07-19,54.16505087
1996-07-22,53.76883073
1996-07-23,51.65801104
1996-07-24,51.28622594
1996-07-25,53.41445739
1996-07-26,54.77888544
1996-07-29,53.74443397
1996-07-30,54.69239392
1996-07-31,55.15905771
1996-08-01,56.30185546
1996-08-02,57.33262304
1996-08-05,56.84624397
1996-08-06,57.86279733
1996-08-07,59.24695112
1996-08-08,57.99360131
1996-08-09,58.88553017
1996-08-12,58.69081270
1996-08-13,57.24883797
1996-08-14,58.08554746
1996-08-15,58.08554746
1996-08-16,57.50509075
1996-08-19,57.31120166
1996-08-20,56.34644671
1996-08-21,56.78969742
1996-08-22,58.36405395
1996-08-23,57.30381752
1996-08-26,57.01692250
1996-08-27,57.16213680
1996-08-28,56.96667310
1996-08-29,57.04126858
1996-08-30,55.81302250
1996-09-03,56.90622907
1996-09-04,57.27640829
1996-09-05,56.00601286
1996-09-06,56.38390681
1996-09-09,57.71200327
1996-09-10,58.17904233
1996-09-11,58.57223520
1996-09-12,58.78689046
1996-09-13,60.31824484
1996-09-16,60.58866073
1996-09-17,63.43564555
1996-09-18,64.07983824
1996-09-19,64.71127125
1996-09-20,64.88226391
1996-09-23,63.52751504
1996-09-24,63.88103133
1996-09-25,64.23312518
1996-09-26,64.29204619
1996-09-27,63.86463781
1996-09-30,62.64854479
1996-10-01,62.80491826
1996-10-02,64.38006472
1996-10-03,64.61420943
1996-10-04,65.61843011
1996-10-07,66.79426335
1996-10-08,64.50176069
1996-10-09,63.89433245
1996-10-10,63.08977968
1996-10-11,65.51535116
1996-10-14,66.43188316
1996-10-15,67.78459211
1996-10-16,68.33991561
1996-10-17,66.87639558
1996-10-18,66.29959132
1996-10-21,64.60191218
1996-10-22,62.96444163
1996-10-23,64.53672055
1996-10-24,63.21781670
1996-10-25,61.76490551
1996-10-28,62.02560781
1996-10-29,60.92859773
1996-10-30,61.92810894
1996-10-31,63.18661193
1996-11-01,62.43205276
1996-11-04,63.07886394
1996-11-05,64.46499549
1996-11-06,66.19827367
1996-11-07,67.27891533
1996-11-08,67.31972740
1996-11-11,67.84918305
1996-11-12,65.92987778
1996-11-13,64.95621861
1996-11-14,65.08713186
1996-11-15,62.55550168
1996-11-18,62.24812227
1996-11-19,64.17030313
1996-11-20,64.21334011
1996-11-21,62.98397167
1996-11-22,64.24410318
1996-11-25,63.63714038
1996-11-26,64.40560924
1996-11-27,65.35575037
1996-11-29,65.43723029
1996-12-02,65.51959199
1996-12-03,64.73622106
1996-12-04,65.93579201
1996-12-05,65.15952632
1996-12-06,63.60056022
1996-12-09,65.07036924
1996-12-10,64.47450186
1996-12-11,66.86294720
1996-12-12,66.86294720
1996-12-13,64.27477440
1996-12-16,61.52028667
1996-12-17,62.39845581
1996-12-18,64.13652569
1996-12-19,64.64171750
1996-12-20,63.15728459
1996-12-23,61.96345467
1996-12-24,62.93712349
1996-12-26,63.26769160
1996-12-27,62.63724924
1996-12-30,61.57782466
1996-12-31,60.44783732
1997-01-02,60.17503780
1997-01-03,62.61223201
1997-01-06,62.75690715
1997-01-07,64.02920925
1997-01-08,63.47859782
1997-01-09,63.69001258
1997-01-10,64.11200095
1997-01-13,64.77039798
1997-01-14,64.83935923
1997-01-15,62.30028885
1997-01-16,62.40968016
1997-01-17,62.90165877
1997-01-20,63.24545568
1997-01-21,64.04690874
1997-01-22,65.16136086
1997-01-23,64.97255008
1997-01-24,64.34139044
1997-01-27,64.15151410
1997-01-28,64.40047707
1997-01-29,65.44503141
1997-01-30,66.86054114
1997-01-31,67.39680236
1997-02-03,67.80146666
1997-02-04,68.01854723
1997-02-05,64.24778118
1997-02-06,62.31798384
1997-02-07,63.20241826
1997-02-10,61.07459414
1997-02-11,61.10958820
1997-02-12,62.47989749
1997-02-13,62.54691173
1997-02-14,61.43252782
1997-02-18,61.46739050
1997-02-19,61.13065934
1997-02-20,59.36896672
1997-02-21,57.88648394
1997-02-24,58.70925855
1997-02-25,58.60354663
1997-02-26,57.55108973
1997-02-27,54.89165693
1997-02-28,55.56391518
1997-03-03,56.78615152
1997-03-04,56.93652521
1997-03-05,57.86716792
1997-03-06,56.23783506
1997-03-07,55.51621575
1997-03-10,55.89936372
1997-03-11,55.55915001
1997-03-12,55.12108299
1997-03-13,54.53876213
1997-03-14,53.25316198
1997-03-17,52.69250103
1997-03-18,52.81862537
1997-03-19,51.56208832
1997-03-20,51.51598844
1997-03-21,50.50702094
1997-03-24,50.55173014
1997-03-25,51.48642384
1997-03-26,53.96917433
1997-03-27,53.40461294
1997-03-31,53.40461294
1997-04-01,53.46737670
1997-04-02,52.58023314
1997-04-03,53.80062699
1997-04-04,55.21346222
1997-04-07,55.25317068
1997-04-08,55.72658982
1997-04-09,54.02181696
1997-04-10,52.16296260
1997-04-11,49.81287042
1997-04-14,50.89471252
1997-04-15,49.96904445
1997-04-16,50.95732157
1997-04-17,52.23500080
1997-04-18,51.93440407
1997-04-21,52.33240240
1997-04-22,53.12088070
1997-04-23,54.75509135
1997-04-24,54.71004490
1997-04-25,53.89940874
1997-04-28,54.65755794
1997-04-29,55.72972338
1997-04-30,56.62765892
1997-05-01,56.80561939
1997-05-02,57.89350895
1997-05-05,59.20627465
1997-05-06,57.52489690
1997-05-07,56.75193509
1997-05-08,57.53597052
1997-05-09,57.73895649
1997-05-12,57.59913814
1997-05-13,55.15736851
1997-05-14,55.26437327
1997-05-15,56.76618723
1997-05-16,55.70610016
1997-05-19,55.57434442
1997-05-20,57.28449547
1997-05-21,57.68157250
1997-05-22,57.27601108
1997-05-23,57.76195172
1997-05-27,59.34883482
1997-05-28,58.55093010
1997-05-29,57.34838012
1997-05-30,53.28976771
1997-06-02,52.74882534
1997-06-03,51.31292954
1997-06-04,50.57698873
1997-06-05,50.76077956
1997-06-06,51.57707447
1997-06-09,52.48635880
1997-06-10,51.26425992
1997-06-11,51.91158406
1997-06-12,50.77312894
1997-06-13,51.08316121
1997-06-16,51.78803927
1997-06-17,52.46629887
1997-06-18,51.52250705
1997-06-19,51.48488271
1997-06-20,51.57466947
1997-06-23,51.09447516
1997-06-24,51.91296805
1997-06-25,51.50442205
1997-06-26,50.58035470
1997-06-27,50.14254371
1997-06-30,50.00874585
1997-07-01,49.17112984
1997-07-02,50.37971995
1997-07-03,50.96243116
1997-07-07,51.68735053
1997-07-08,52.34776419
1997-07-09,53.21381808
1997-07-10,52.40768134
1997-07-11,53.46377235
1997-07-14,54.48944564
1997-07-15,55.65046192
1997-07-16,59.30281093
1997-07-17,58.93158407
1997-07-18,58.02974648
1997-07-21,57.54192986
1997-07-22,58.97224548
1997-07-23,59.22846283
1997-07-24,59.42860548
1997-07-25,59.05009232
1997-07-28,58.62870004
1997-07-29,58.33275578
1997-07-30,58.93426814
1997-07-31,60.07571301
1997-08-01,60.89655055
1997-08-04,62.25542694
1997-08-05,63.46743710
1997-08-06,63.61890281
1997-08-07,63.61890281
1997-08-08,62.02729869
1997-08-11,60.86737847
1997-08-12,60.31582264
1997-08-13,60.78773973
1997-08-14,60.44419965
1997-08-15,57.94956892
1997-08-18,59.06487607
1997-08-19,60.52363655
1997-08-20,61.60165813
1997-08-21,60.23301736
1997-08-22,58.86566134
1997-08-25,57.65041384
1997-08-26,56.75788237
1997-08-27,57.37229186
1997-08-28,56.37389441
1997-08-29,56.22667223
1997-09-02,57.54963580
1997-09-03,56.80762458
1997-09-04,57.17216089
1997-09-05,57.13448860
1997-09-08,57.75643660
1997-09-09,58.56137039
1997-09-10,57.18752211
1997-09-11,57.03652401
1997-09-12,56.43120697
1997-09-15,55.13130802
1997-09-16,56.86141415
1997-09-17,56.76878333
1997-09-18,56.37701486
1997-09-19,56.57990060
1997-09-22,57.01499124
1997-09-23,58.26101304
1997-09-24,56.15684671
1997-09-25,54.72308186
1997-09-26,54.68763011
1997-09-29,55.76452415
1997-09-30,54.03718872
1997-10-01,54.47560975
1997-10-02,54.40533514
1997-10-03,54.49476495
1997-10-06,54.58523374
1997-10-07,55.42526664
1997-10-08,55.01921466
1997-10-09,55.07998399
1997-10-10,54.07826182
1997-10-13,53.82052937
1997-10-14,53.37761261
1997-10-15,50.49372992
1997-10-16,49.79399390
1997-10-17,48.55733673
1997-10-20,49.13134914
1997-10-21,49.70136563
1997-10-22,49.07712168
1997-10-23,48.01336598
1997-10-24,47.07134597
1997-10-27,44.58382520
1997-10-28,49.83995369
1997-10-29,47.71013233
1997-10-30,45.82592340
1997-10-31,46.42286087
1997-11-03,47.13282766
1997-11-04,46.07353480
1997-11-05,45.54110188
1997-11-06,45.08751936
1997-11-07,46.96517246
1997-11-10,46.02643068
1997-11-11,46.55425275
1997-11-12,46.02098843
1997-11-13,47.41917737
1997-11-14,47.79115814
1997-11-17,48.55879887
1997-11-18,47.84433892
1997-11-19,47.98826877
1997-11-20,48.82024141
1997-11-21,48.54827397
1997-11-24,47.63199429
1997-11-25,46.91781012
1997-11-26,47.00747388
1997-11-28,47.48793618
1997-12-01,49.29711888
1997-12-02,47.81298335
1997-12-03,48.01528360
1997-12-04,47.24469888
1997-12-05,47.65657485
1997-12-08,48.06835538
1997-12-09,46.86479401
1997-12-10,46.47087948
1997-12-11,45.28534837
1997-12-12,44.75595592
1997-12-15,45.55626071
1997-12-16,45.17281980
1997-12-17,44.48827507
1997-12-18,44.33663700
1997-12-19,44.78265091
1997-12-22,45.51113472
1997-12-23,44.98697137
1997-12-24,45.01912751
1997-12-26,45.34359627
1997-12-29,45.31643498
1997-12-30,45.77825138
1997-12-31,45.14214767
1998-01-02,46.39208092
1998-01-05,47.35388234
1998-01-06,46.72945489
1998-01-07,46.55939743
1998-01-08,47.36991272
1998-01-09,46.25833997
1998-01-12,48.15910244
1998-01-13,48.80277445
1998-01-14,48.10943218
1998-01-15,48.05165403
1998-01-16,47.81835047
1998-01-20,48.54778834
1998-01-21,48.76915165
1998-01-22,48.67799448
1998-01-23,49.03276015
1998-01-26,49.29166964
1998-01-27,50.06456436
1998-01-28,50.91931134
1998-01-29,51.48162305
1998-01-30,50.95459865
1998-02-02,51.98424850
1998-02-03,53.54504436
1998-02-04,54.12751584
1998-02-05,53.54790380
1998-02-06,54.04039141
1998-02-09,53.09325884
1998-02-10,53.30293548
1998-02-11,52.65409802
1998-02-12,52.61985956
1998-02-13,51.96777609
1998-02-17,52.37787200
1998-02-18,53.52487632
1998-02-19,55.24118152
1998-02-20,55.81266952
1998-02-23,56.87520282
1998-02-24,55.83457417
1998-02-25,56.55832343
1998-02-26,55.59741043
1998-02-27,54.14410260
1998-03-02,53.03776844
1998-03-03,51.83175473
1998-03-04,52.36691014
1998-03-05,47.21670108
1998-03-06,48.43045105
1998-03-09,47.11540419
1998-03-10,47.32293359
1998-03-11,47.50227375
1998-03-12,47.74319269
1998-03-13,47.86468976
1998-03-16,48.38270258
1998-03-17,47.95570584
1998-03-18,48.07980615
1998-03-19,48.23650532
1998-03-20,47.50838350
1998-03-23,47.19006285
1998-03-24,46.89992299
1998-03-25,47.74825214
1998-03-26,48.83390375
1998-03-27,49.18085159
1998-03-30,48.45281558
1998-03-31,48.80558766
1998-04-01,48.52960662
1998-04-02,47.97851994
1998-04-03,48.17774391
1998-04-06,46.78271168
1998-04-07,46.19208791
1998-04-08,46.16249292
1998-04-09,46.81997826
1998-04-13,48.17327996
1998-04-14,48.04909623
1998-04-15,47.48959268
1998-04-16,47.24128497
1998-04-17,47.69266371
1998-04-20,48.41670823
1998-04-21,49.72920166
1998-04-22,52.31984923
1998-04-23,51.88928974
1998-04-24,51.26308686
1998-04-27,50.19455454
1998-04-28,49.84283397
1998-04-29,50.26116571
1998-04-30,50.61513404
1998-05-01,51.28729160
1998-05-04,51.21986059
1998-05-05,51.15155721
1998-05-06,50.87593795
1998-05-07,50.66797837
1998-05-08,52.28566209
1998-05-11,51.41207315
1998-05-12,52.47655856
1998-05-13,52.60438742
1998-05-14,52.46107244
1998-05-15,50.10425196
1998-05-18,49.60498777
1998-05-19,49.70678328
1998-05-20,48.35114501
1998-05-21,46.89383722
1998-05-22,46.99964561
1998-05-26,47.21327611
1998-05-27,47.02078629
1998-05-28,46.60268639
1998-05-29,45.55829893
1998-06-01,43.89323683
1998-06-02,44.64046979
1998-06-03,43.09573353
1998-06-04,44.42247051
1998-06-05,45.35696988
1998-06-08,45.11988830
1998-06-09,45.62504270
1998-06-10,44.84644015
1998-06-11,44.84644015
1998-06-12,44.78579777
1998-06-15,44.02994051
1998-06-16,45.77725938
1998-06-17,45.50100105
1998-06-18,45.75957075
1998-06-19,45.94561889
1998-06-22,48.18393651
1998-06-23,48.94581642
1998-06-24,50.09750222
1998-06-25,49.16978948
1998-06-26,49.57622290
1998-06-29,49.27610045
1998-06-30,48.38366169
1998-07-01,48.97460660
1998-07-02,47.95773844
1998-07-06,48.09015680
1998-07-07,49.01248442
1998-07-08,50.73954831
1998-07-09,51.49212002
1998-07-10,51.49212002
1998-07-13,52.84896111
1998-07-14,51.90110770
1998-07-15,53.68224223
1998-07-16,53.68224223
1998-07-17,53.04243446
1998-07-20,52.26913495
1998-07-21,52.19887205
1998-07-22,52.58725532
1998-07-23,52.68486566
1998-07-24,52.94721994
1998-07-27,54.48511312
1998-07-28,54.22262383
1998-07-29,53.62291631
1998-07-30,55.13481626
1998-07-31,53.26114899
1998-08-03,53.45016524
1998-08-04,51.81844591
1998-08-05,52.92888436
1998-08-06,54.33374190
1998-08-07,54.15531332
1998-08-10,54.11921311
1998-08-11,52.93652206
1998-08-12,53.46855042
1998-08-13,53.25276176
1998-08-14,53.72692941
1998-08-17,55.38165248
1998-08-18,56.26411406
1998-08-19,55.15619006
1998-08-20,53.13706585
1998-08-21,52.55431276
1998-08-24,52.38270796
1998-08-25,52.27003532
1998-08-26,51.48276077
1998-08-27,49.74349971
1998-08-28,48.34006287
1998-08-31,45.57954732
1998-09-01,48.07308902
1998-09-02,47.55575301
1998-09-03,48.49398611
1998-09-04,49.23193600
1998-09-08,50.97094062
1998-09-09,50.65464201
1998-09-10,49.61238330
1998-09-11,52.29006120
1998-09-14,52.67051320
1998-09-15,52.72520925
1998-09-16,52.29555376
1998-09-17,51.29487356
1998-09-18,51.29487356
1998-09-21,52.04068609
1998-09-22,51.51682870
1998-09-23,53.09643341
1998-09-24,52.23226253
1998-09-25,53.54854822
1998-09-28,52.90082514
1998-09-29,53.55294167
1998-09-30,52.20703254
1998-10-01,51.10999700
1998-10-02,51.30660061
1998-10-05,49.76763253
1998-10-06,49.34220684
1998-10-07,49.08651108
1998-10-08,48.80112965
1998-10-09,51.27538107
1998-10-12,51.98781274
1998-10-13,51.11202444
1998-10-14,50.64984795
1998-10-15,51.53993430
1998-10-16,51.15922424
1998-10-19,51.71649888
1998-10-20,51.50758881
1998-10-21,52.61838766
1998-10-22,52.75577723
1998-10-23,52.69370518
1998-10-26,53.44474312
1998-10-27,52.62759751
1998-10-28,53.47509857
1998-10-29,53.70949830
1998-10-30,53.42007417
1998-11-02,54.58010603
1998-11-03,53.86643814
1998-11-04,55.73674915
1998-11-05,55.31377983
1998-11-06,55.91492135
1998-11-09,56.14935886
1998-11-10,56.79750833
1998-11-11,59.19852164
1998-11-12,58.65796642
1998-11-13,59.06135628
1998-11-16,60.22078437
1998-11-17,60.80699762
1998-11-18,61.29714327
1998-11-19,62.34075785
1998-11-20,61.88177614
1998-11-23,62.40081869
1998-11-24,60.65331933
1998-11-25,60.27615696
1998-11-27,60.36717542
1998-11-30,59.06148685
1998-12-01,61.67572128
1998-12-02,60.90579299
1998-12-03,58.79898585
1998-12-04,61.09122667
1998-12-07,61.92031697
1998-12-08,62.27025790
1998-12-09,61.82148179
1998-12-10,59.54874125
1998-12-11,60.13997140
1998-12-14,57.83101703
1998-12-15,59.25677039
1998-12-16,58.42560427
1998-12-17,59.30518756
1998-12-18,60.27516979
1998-12-21,61.08532818
1998-12-22,59.42508905
1998-12-23,61.18024426
1998-12-24,61.18024426
1998-12-28,59.88638499
1998-12-29,59.41476232
1998-12-30,58.58781171
1998-12-31,58.31304567
1999-01-04,59.01580731
1999-01-05,59.76214976
1999-01-06,61.58395995
1999-01-07,61.47089415
1999-01-08,61.59621091
1999-01-11,64.30797923
1999-01-12,62.44437312
1999-01-13,63.33033985
1999-01-14,61.09472942
1999-01-15,61.52172886
1999-01-19,62.54931592
1999-01-20,62.07578190
1999-01-21,60.12391436
1999-01-22,58.31078601
1999-01-25,58.78838198
1999-01-26,60.44834474
1999-01-27,58.85128401
1999-01-28,59.98899870
1999-01-29,60.91646305
1999-02-01,59.76735711
1999-02-02,58.57641992
1999-02-03,59.59845585
1999-02-04,56.60865693
1999-02-05,55.75846987
1999-02-08,56.89700635
1999-02-09,54.74081699
1999-02-10,55.63449394
1999-02-11,56.73455976
1999-02-12,54.64143962
1999-02-16,54.60355116
1999-02-17,54.07045411
1999-02-18,54.96357990
1999-02-19,54.94420285
1999-02-22,56.13777944
1999-02-23,56.49203446
1999-02-24,55.26992113
1999-02-25,54.45935630
1999-02-26,52.14767497
1999-03-01,51.33327890
1999-03-02,49.35903450
1999-03-03,50.65506286
1999-03-04,50.30304486
1999-03-05,50.63486780
1999-03-08,51.93853577
1999-03-09,50.76418828
1999-03-10,51.17045746
1999-03-11,51.49564722
1999-03-12,51.52843218
1999-03-15,51.42253070
1999-03-16,52.08923056
1999-03-17,52.12259850
1999-03-18,52.47556698
1999-03-19,51.64690719
1999-03-22,50.53034240
1999-03-23,50.36979842
1999-03-24,51.66941712
1999-03-25,51.28749674
1999-03-26,50.92341336
1999-03-29,52.26561774
1999-03-30,52.26561774
1999-03-31,51.46523288
1999-04-01,52.02056502
1999-04-05,53.79900991
1999-04-06,54.55753944
1999-04-07,54.98870299
1999-04-08,54.65707960
1999-04-09,54.57842264
1999-04-12,52.04896275
1999-04-13,51.61059492
1999-04-14,49.62949401
1999-04-15,50.42330750
1999-04-16,49.76530435
1999-04-19,48.81193651
1999-04-20,49.40955851
1999-04-21,50.44646181
1999-04-22,52.07587849
1999-04-23,52.20617314
1999-04-26,53.58396099
1999-04-27,52.33672100
1999-04-28,51.74259619
1999-04-29,51.53289955
1999-04-30,51.73157298
1999-05-03,52.74795547
1999-05-04,51.92407852
1999-05-05,53.12039997
1999-05-06,50.72949897
1999-05-07,51.37379422
1999-05-10,51.20378464
1999-05-11,52.07361305
1999-05-12,52.16982750
1999-05-13,50.82272613
1999-05-14,49.71943588
1999-05-17,50.48038628
1999-05-18,50.21193917
1999-05-19,50.61205128
1999-05-20,49.53394514
1999-05-21,49.16829242
1999-05-24,48.60512495
1999-05-25,47.02826918
1999-05-26,46.43500745
1999-05-27,47.25308044
1999-05-28,47.78132335
1999-06-01,46.09355567
1999-06-02,46.80041397
1999-06-03,46.09446761
1999-06-04,47.59541442
1999-06-07,47.73290889
1999-06-08,46.85885340
1999-06-09,47.65844987
1999-06-10,48.88117506
1999-06-11,48.40268396
1999-06-14,48.37062451
1999-06-15,49.08981502
1999-06-16,51.19414140
1999-06-17,50.30325630
1999-06-18,48.73992164
1999-06-21,49.71173105
1999-06-22,49.14398149
1999-06-23,49.59868541
1999-06-24,48.83842120
1999-06-25,48.97082336
1999-06-28,49.86037139
1999-06-29,51.01667329
1999-06-30,51.14381865
1999-07-01,52.82282122
1999-07-02,53.12579523
1999-07-06,53.30851927
1999-07-07,53.55369926
1999-07-08,54.22503760
1999-07-09,54.46809388
1999-07-12,53.99492245
1999-07-13,53.95830191
1999-07-14,55.25285460
1999-07-15,55.06565569
1999-07-16,54.72669162
1999-07-19,54.94576890
1999-07-20,53.37195681
1999-07-21,53.69269614
1999-07-22,52.69866097
1999-07-23,52.86279175
1999-07-26,52.09176696
1999-07-27,54.49898107
1999-07-28,55.82161364
1999-07-29,55.33891862
1999-07-30,55.04145057
1999-08-02,56.14867956
1999-08-03,56.90611532
1999-08-04,56.82942749
1999-08-05,55.98652548
1999-08-06,56.04671708
1999-08-09,56.94375532
1999-08-10,55.90092293
1999-08-11,57.87423051
1999-08-12,57.83557737
1999-08-13,59.51090920
1999-08-16,58.77218274
1999-08-17,58.96279144
1999-08-18,58.64806633
1999-08-19,57.90256547
1999-08-20,59.07060842
1999-08-23,60.34762838
1999-08-24,60.42600484
1999-08-25,60.66290939
1999-08-26,58.98921455
1999-08-27,59.82022471
1999-08-30,59.34744027
1999-08-31,59.30776875
1999-09-01,59.85289175
1999-09-02,60.65584067
1999-09-03,62.28995630
1999-09-07,61.20083307
1999-09-08,60.13299546
1999-09-09,60.87762575
1999-09-10,60.63962942
1999-09-13,58.77276801
1999-09-14,59.38132502
1999-09-15,57.68921050
1999-09-16,57.46745523
1999-09-17,58.33498231
1999-09-20,57.99707802
1999-09-21,56.77244204
1999-09-22,57.13457730
1999-09-23,54.12361144
1999-09-24,53.14478088
1999-09-27,54.29986003
1999-09-28,53.93083884
1999-09-29,52.70716776
1999-09-30,52.25156482
1999-10-01,52.54911928
1999-10-04,53.51990121
1999-10-05,53.08537588
1999-10-06,53.43976974
1999-10-07,52.73178829
1999-10-08,52.76205480
1999-10-11,53.15806356
1999-10-12,53.24991954
1999-10-13,50.78856849
1999-10-14,51.39804015
1999-10-15,50.12100412
1999-10-18,49.36414381
1999-10-19,47.30841683
1999-10-20,49.71662191
1999-10-21,50.55127878
1999-10-22,51.37108553
1999-10-25,50.31214242
1999-10-26,50.40114695
1999-10-27,49.44170786
1999-10-28,50.75092343
1999-10-29,53.10543729
1999-11-01,52.40866925
1999-11-02,53.06134379
1999-11-03,54.02194703
1999-11-04,54.77909630
1999-11-05,55.11561173
1999-11-08,54.98773791
1999-11-09,53.93916523
1999-11-10,53.40632896
1999-11-11,53.59802297
1999-11-12,51.98443148
1999-11-15,50.96553429
1999-11-16,52.08760292
1999-11-17,51.22449119
1999-11-18,52.86567262
1999-11-19,53.44896850
1999-11-22,53.71340266
1999-11-23,52.97982951
1999-11-24,54.32606642
1999-11-26,53.38252428
1999-11-29,52.75217051
1999-11-30,51.68948672
1999-12-01,51.51382801
1999-12-02,52.06530771
1999-12-03,52.55853334
1999-12-06,52.16482225
1999-12-07,51.83115925
1999-12-08,50.54753055
1999-12-09,49.96302035
1999-12-10,49.49796688
1999-12-13,50.34870555
1999-12-14,49.58807581
1999-12-15,52.50310930
1999-12-16,53.05975006
1999-12-17,53.81882885
1999-12-20,53.33553256
1999-12-21,54.09438344
1999-12-22,53.91016740
1999-12-23,54.17432692
1999-12-27,54.98659257
1999-12-28,53.95267049
1999-12-29,54.32273596
1999-12-30,54.22788900
1999-12-31,53.53176255
2000-01-03,55.50922119
2000-01-04,53.50506493
2000-01-05,53.79181141
2000-01-06,51.50425978
2000-01-07,52.86154829
2000-01-10,54.35850664
2000-01-11,55.85354694
2000-01-12,56.42875618
2000-01-13,56.33929059
2000-01-14,60.41837369
2000-01-18,59.97378680
2000-01-19,59.00367290
2000-01-20,56.98933359
2000-01-21,57.75269353
2000-01-24,58.03888711
2000-01-25,58.92701428
2000-01-26,56.68388903
2000-01-27,57.21483945
2000-01-28,55.46214919
2000-01-31,57.06120237
2000-02-01,57.83960554
2000-02-02,57.25977587
2000-02-03,58.52655206
2000-02-04,58.69609751
2000-02-07,59.64553984
2000-02-08,59.90251190
2000-02-09,58.10413161
2000-02-10,58.99974964
2000-02-11,58.26186883
2000-02-14,59.43946148
2000-02-15,60.04764796
2000-02-16,58.04572000
2000-02-17,58.85981274
2000-02-18,57.01217095
2000-02-22,57.41579017
2000-02-23,58.08795777
2000-02-24,59.54286031
2000-02-25,59.14092288
2000-02-28,58.78825916
2000-02-29,58.96576977
2000-03-01,59.77521656
2000-03-02,59.72319413
2000-03-03,60.69593751
2000-03-06,59.90871076
2000-03-07,59.23249433
2000-03-08,58.89491416
2000-03-09,59.87747153
2000-03-10,60.38457360
2000-03-13,60.92080200
2000-03-14,59.13748349
2000-03-15,59.78798062
2000-03-16,61.11337990
2000-03-17,62.35732394
2000-03-20,63.61615024
2000-03-21,64.42653945
2000-03-22,65.69634889
2000-03-23,65.09327948
2000-03-24,63.62326234
2000-03-27,64.45287851
2000-03-28,61.69346958
2000-03-29,60.26624256
2000-03-30,58.50843828
2000-03-31,59.71704119
2000-04-03,59.25108429
2000-04-04,59.76728643
2000-04-05,58.74473541
2000-04-06,58.72255335
2000-04-07,60.42249042
2000-04-10,58.43657156
2000-04-11,58.30823924
2000-04-12,55.38468289
2000-04-13,55.14736385
2000-04-14,51.94488162
2000-04-17,55.06291879
2000-04-18,56.44075195
2000-04-19,53.67251664
2000-04-20,52.69843314
2000-04-24,52.87510089
2000-04-25,54.89953324
2000-04-26,53.79216591
2000-04-27,54.78750846
2000-04-28,55.11482803
2000-05-01,55.18347855
2000-05-02,53.60148489
2000-05-03,53.04869629
2000-05-04,53.16412275
2000-05-05,54.03914489
2000-05-08,52.53570414
2000-05-09,52.35881308
2000-05-10,49.67190925
2000-05-11,51.86352463
2000-05-12,51.72806421
2000-05-15,52.42911979
2000-05-16,53.25647841
2000-05-17,53.54368789
2000-05-18,53.70875916
2000-05-19,52.18643117
2000-05-22,52.29968061
2000-05-23,50.24492861
2000-05-24,51.93710647
2000-05-25,51.41907860
2000-05-26,51.94757209
2000-05-30,53.71066782
2000-05-31,53.45218184
2000-06-01,54.49876580
2000-06-02,55.41506804
2000-06-05,55.00879135
2000-06-06,54.26286148
2000-06-07,54.10761689
2000-06-08,53.42458501
2000-06-09,53.61381066
2000-06-12,53.11287905
2000-06-13,54.50254215
2000-06-14,53.24218677
2000-06-15,53.63207514
2000-06-16,53.08945267
2000-06-19,55.28194404
2000-06-20,55.64753886
2000-06-21,55.78678951
2000-06-22,54.53783902
2000-06-23,54.60316947
2000-06-26,54.55539587
2000-06-27,53.83779655
2000-06-28,54.05602618
2000-06-29,53.89429886
2000-06-30,54.32454526
2000-07-03,55.02578747
2000-07-05,53.64800319
2000-07-06,54.74406387
2000-07-07,55.32080816
2000-07-10,54.92403131
2000-07-11,55.14187304
2000-07-12,55.65876618
2000-07-13,56.09148734
2000-07-14,56.84009162
2000-07-17,56.73483486
2000-07-18,55.80769071
2000-07-19,54.47704295
2000-07-20,55.48589695
2000-07-21,54.28089466
2000-07-24,54.23105495
2000-07-25,54.87626843
2000-07-26,54.36860310
2000-07-27,53.82912679
2000-07-28,51.77467693
2000-07-31,52.79130268
2000-08-01,51.71569819
2000-08-02,51.06306246
2000-08-03,51.88530196
2000-08-04,50.65054630
2000-08-07,50.82881373
2000-08-08,50.18440727
2000-08-09,51.11361668
2000-08-10,50.34446547
2000-08-11,51.20943799
2000-08-14,52.65363577
2000-08-15,53.07682333
2000-08-16,53.16186059
2000-08-17,54.06372195
2000-08-18,54.28720844
2000-08-21,54.95493300
2000-08-22,54.98275963
2000-08-23,56.08485968
2000-08-24,55.87646066
2000-08-25,55.14804115
2000-08-28,55.56823682
2000-08-29,55.65262885
2000-08-30,55.33241352
2000-08-31,55.96148880
2000-09-01,55.42100030
2000-09-05,52.82992192
2000-09-06,50.99763203
2000-09-07,51.82737773
2000-09-08,50.78870339
2000-09-11,50.44643814
2000-09-12,50.56946267
2000-09-13,48.75615430
2000-09-14,47.98604389
2000-09-15,47.00718165
2000-09-18,46.23380268
2000-09-19,48.53741543
2000-09-20,49.82352877
2000-09-21,49.09184518
2000-09-22,43.51988871
2000-09-25,42.59118702
2000-09-26,41.86095469
2000-09-27,42.13575269
2000-09-28,42.41219821
2000-09-29,41.38583823
2000-10-02,40.88342669
2000-10-03,40.97834413
2000-10-04,41.83202709
2000-10-05,41.47101686
2000-10-06,41.08837552
2000-10-09,40.77371663
2000-10-10,40.23722173
2000-10-11,39.46805374
2000-10-12,40.39383370
2000-10-13,42.06508667
2000-10-16,40.40556294
2000-10-17,40.65917934
2000-10-18,41.66767554
2000-10-19,43.49633156
2000-10-20,44.03092730
2000-10-23,44.15018637
2000-10-24,43.65420869
2000-10-25,43.39486558
2000-10-26,45.02326884
2000-10-27,45.81483986
2000-10-30,45.27537234
2000-10-31,45.27537234
2000-11-01,45.22543609
2000-11-02,46.10089721
2000-11-03,45.79330414
2000-11-06,46.09769154
2000-11-07,45.94049101
2000-11-08,44.50194430
2000-11-09,43.97747118
2000-11-10,42.29015804
2000-11-13,42.89415526
2000-11-14,44.26610101
2000-11-15,44.54288240
2000-11-16,43.95173525
2000-11-17,44.69715033
2000-11-20,44.54672355
2000-11-21,45.29466633
2000-11-22,44.70775299
2000-11-24,46.06560046
2000-11-27,46.06560046
2000-11-28,45.27069076
2000-11-29,45.62996991
2000-11-30,43.72856722
2000-12-01,42.22739378
2000-12-04,41.78799025
2000-12-05,43.33246027
2000-12-06,41.77045564
2000-12-07,42.05124462
2000-12-08,42.89032011
2000-12-11,44.55136024
2000-12-12,44.19531223
2000-12-13,43.81596054
2000-12-14,43.67318777
2000-12-15,42.66137884
2000-12-18,43.06638410
2000-12-19,43.16048095
2000-12-20,42.58857735
2000-12-21,43.19379016
2000-12-22,43.12089502
2000-12-26,43.09627269
2000-12-27,42.97167012
2000-12-28,42.32538389
2000-12-29,41.98010166
2001-01-02,42.52433191
2001-01-03,44.21014867
2001-01-04,44.02923854
2001-01-05,43.31559146
2001-01-08,43.26426137
2001-01-09,43.43445884
2001-01-10,43.84506826
2001-01-11,44.05130702
2001-01-12,43.51032006
2001-01-16,43.18712337
2001-01-17,42.81032989
2001-01-18,43.77122685
2001-01-19,44.54233117
2001-01-22,44.45789367
2001-01-23,45.57557597
2001-01-24,46.05789605
2001-01-25,45.24345317
2001-01-26,46.00536580
2001-01-29,46.65641768
2001-01-30,46.62636548
2001-01-31,46.62636548
2001-02-01,47.08341877
2001-02-02,46.03626822
2001-02-05,45.55206943
2001-02-06,45.98481645
2001-02-07,45.73867858
2001-02-08,45.58380122
2001-02-09,45.02634991
2001-02-12,45.66372642
2001-02-13,44.61305523
2001-02-14,45.62215862
2001-02-15,46.61007671
2001-02-16,45.88879801
2001-02-20,44.46087528
2001-02-21,44.13443496
2001-02-22,43.77830649
2001-02-23,43.74842902
2001-02-26,43.53718882
2001-02-27,43.29454312
2001-02-28,43.08116930
2001-03-01,43.44513112
2001-03-02,43.56729501
2001-03-05,44.26024037
2001-03-06,44.98666914
2001-03-07,45.90162651
2001-03-08,46.09955160
2001-03-09,44.10037069
2001-03-12,43.25707505
2001-03-13,44.29878132
2001-03-14,44.14051047
2001-03-15,43.85407616
2001-03-16,43.53527504
2001-03-19,43.12139035
2001-03-20,41.90748640
2001-03-21,42.53934827
2001-03-22,44.58005321
2001-03-23,44.65989734
2001-03-26,44.40002891
2001-03-27,45.08960577
2001-03-28,43.82323290
2001-03-29,43.63175974
2001-03-30,43.50306361
2001-04-02,43.23592612
2001-04-03,42.82317950
2001-04-04,41.62049207
2001-04-05,43.65075816
2001-04-06,42.64656172
2001-04-09,42.43586816
2001-04-10,43.48344948
2001-04-11,45.25576436
2001-04-12,45.63355297
2001-04-16,44.68357905
2001-04-17,44.54902489
2001-04-18,47.76843899
2001-04-19,48.47007997
2001-04-20,48.43731005
2001-04-23,47.29530059
2001-04-24,46.67032392
2001-04-25,46.61200903
2001-04-26,46.40322264
2001-04-27,47.34902060
2001-04-30,47.79255506
2001-05-01,47.95724062
2001-05-02,48.42236414
2001-05-03,47.54782577
2001-05-04,47.84600212
2001-05-07,48.02106325
2001-05-08,48.22279049
2001-05-09,47.31936741
2001-05-10,46.79093425
2001-05-11,46.18174753
2001-05-14,45.88124330
2001-05-15,45.76141660
2001-05-16,46.54463676
2001-05-17,46.70634637
2001-05-18,46.81528335
2001-05-21,47.59050883
2001-05-22,47.36294201
2001-05-23,46.91342861
2001-05-24,47.19927784
2001-05-25,47.13012831
2001-05-29,46.34647273
2001-05-30,45.57680397
2001-05-31,45.87622512
2001-06-01,47.12292379
2001-06-04,46.97048448
2001-06-05,47.84861257
2001-06-06,47.91271031
2001-06-07,48.84918050
2001-06-08,48.53363519
2001-06-11,48.30438675
2001-06-12,48.16845749
2001-06-13,47.44304684
2001-06-14,46.47965906
2001-06-15,46.53289110
2001-06-18,46.44575693
2001-06-19,45.85543604
2001-06-20,46.49896683
2001-06-21,46.34886163
2001-06-22,46.54006819
2001-06-25,47.38906448
2001-06-26,47.69654730
2001-06-27,47.46537264
2001-06-28,48.25342383
2001-06-29,47.96555123
2001-07-02,48.61222667
2001-07-03,48.93054782
2001-07-05,48.45801099
2001-07-06,47.40070214
2001-07-09,47.78638662
2001-07-10,46.96045774
2001-07-11,47.18596429
2001-07-12,48.85462846
2001-07-13,48.92693238
2001-07-16,48.11332730
2001-07-17,48.74217264
2001-07-18,47.96770923
2001-07-19,48.84229504
2001-07-20,48.81892959
2001-07-23,48.09452163
2001-07-24,48.00117854
2001-07-25,48.45835923
2001-07-26,48.76337159
2001-07-27,48.31169176
2001-07-30,48.16604880
2001-07-31,48.83617339
2001-08-01,49.64335294
2001-08-02,50.78427328
2001-08-03,50.41746164
2001-08-06,49.24138459
2001-08-07,49.53175847
2001-08-08,48.69137851
2001-08-09,48.72636877
2001-08-10,48.99134543
2001-08-13,49.52997007
2001-08-14,49.34777688
2001-08-15,48.85239493
2001-08-16,49.19769585
2001-08-17,47.40981764
2001-08-20,47.53027566
2001-08-21,46.58822822
2001-08-22,47.42181743
2001-08-23,47.17815062
2001-08-24,48.48524169
2001-08-27,48.54943573
2001-08-28,47.99408662
2001-08-29,47.63952917
2001-08-30,46.80863339
2001-08-31,47.60282674
2001-09-04,46.65664090
2001-09-05,47.25142075
2001-09-06,46.09791487
2001-09-07,45.92338357
2001-09-10,46.10103120
2001-09-17,44.07497209
2001-09-18,43.97998532
2001-09-19,43.04566616
2001-09-20,41.82474731
2001-09-21,40.82405260
2001-09-24,42.86113430
2001-09-25,43.22651784
2001-09-26,42.64268702
2001-09-27,42.38181686
2001-09-28,42.29922047
2001-10-01,41.97444402
2001-10-02,41.61970253
2001-10-03,43.36759588
2001-10-04,43.69179800
2001-10-05,44.10815694
2001-10-08,44.39334550
2001-10-09,43.75361369
2001-10-10,45.38269411
2001-10-11,46.79230326
2001-10-12,47.27836624
2001-10-15,46.73424314
2001-10-16,47.29256841
2001-10-17,46.95644153
2001-10-18,46.50881106
2001-10-19,46.60822159
2001-10-22,47.74251435
2001-10-23,47.47529117
2001-10-24,47.94872040
2001-10-25,48.55699764
2001-10-26,48.33493148
2001-10-29,46.81287976
2001-10-30,46.24940100
2001-10-31,47.13797229
2001-11-01,48.62778721
2001-11-02,48.97370440
2001-11-05,49.60553971
2001-11-06,50.81453913
2001-11-07,50.85167266
2001-11-08,50.84192693
2001-11-09,50.44913906
2001-11-12,50.93041009
2001-11-13,52.49554825
2001-11-14,53.63770613
2001-11-15,53.08651990
2001-11-16,52.93306080
2001-11-19,53.26237847
2001-11-20,52.19096523
2001-11-21,52.98523606
2001-11-23,53.21471555
2001-11-26,53.95428387
2001-11-27,54.35237925
2001-11-28,53.76228711
2001-11-29,54.27562928
2001-11-30,54.58652845
2001-12-03,53.90768757
2001-12-04,54.66499536
2001-12-05,56.22396594
2001-12-06,55.72352635
2001-12-07,54.71236044
2001-12-10,54.39635133
2001-12-11,54.61667036
2001-12-12,55.42769627
2001-12-13,53.77187673
2001-12-14,54.41305758
2001-12-17,55.04630535
2001-12-18,54.86936867
2001-12-19,54.03152107
2001-12-20,52.87699472
2001-12-21,53.28440968
2001-12-24,52.86340333
2001-12-26,53.12382362
2001-12-27,53.49110657
2001-12-28,53.01373710
2001-12-31,52.14540529
2002-01-02,53.65795496
2002-01-03,55.95658710
2002-01-04,56.19303510
2002-01-07,55.60908914
2002-01-08,55.88664726
2002-01-09,55.63591589
2002-01-10,54.82964220
2002-01-11,54.71621116
2002-01-14,54.99045758
2002-01-15,54.80447678
2002-01-16,53.68650333
2002-01-17,54.48368553
2002-01-18,53.29076801
2002-01-22,51.35483840
2002-01-23,52.09948912
2002-01-24,52.83279720
2002-01-25,53.29752502
2002-01-28,53.53002966
2002-01-29,52.16721707
2002-01-30,53.31590581
2002-01-31,54.42741584
2002-02-01,54.01783630
2002-02-04,53.25875633
2002-02-05,53.06120139
2002-02-06,52.10160284
2002-02-07,51.44659416
2002-02-08,51.65908185
2002-02-11,52.71004723
2002-02-12,52.05327291
2002-02-13,52.46433652
2002-02-14,52.41980517
2002-02-15,51.25987820
2002-02-19,50.23837579
2002-02-20,50.34416607
2002-02-21,48.30014672
2002-02-22,48.35447479
2002-02-25,49.94635861
2002-02-26,48.91857921
2002-02-27,48.78603167
2002-02-28,47.44036553
2002-03-01,49.98138800
2002-03-04,50.84549140
2002-03-05,51.67390898
2002-03-06,51.92560926
2002-03-07,51.94516410
2002-03-08,53.09797978
2002-03-11,52.29495129
2002-03-12,51.83845053
2002-03-13,50.13292501
2002-03-14,49.76007084
2002-03-15,50.53759337
2002-03-18,50.41410225
2002-03-19,50.51643843
2002-03-20,49.28704169
2002-03-21,50.18717414
2002-03-22,49.35875276
2002-03-25,48.76329362
2002-03-26,49.56969539
2002-03-27,49.20199160
2002-03-28,49.20199160
2002-04-01,50.00950027
2002-04-02,48.82704370
2002-04-03,48.66302978
2002-04-04,49.43923968
2002-04-05,48.87632376
2002-04-08,48.75104653
2002-04-09,47.24444722
2002-04-10,48.13044498
2002-04-11,47.80429091
2002-04-12,47.24541979
2002-04-15,46.96155515
2002-04-16,48.53190305
2002-04-17,49.75148790
2002-04-18,49.55098045
2002-04-19,49.18015632
2002-04-22,49.13747248
2002-04-23,48.58079657
2002-04-24,47.91289119
2002-04-25,48.11986532
2002-04-26,47.09563271
2002-04-29,47.01181548
2002-04-30,47.68555579
2002-05-01,47.70924679
2002-05-02,46.88965394
2002-05-03,45.52067372
2002-05-06,44.73093571
2002-05-07,45.18905867
2002-05-08,48.50483823
2002-05-09,47.73790003
2002-05-10,46.49680457
2002-05-13,48.17666220
2002-05-14,49.90116700
2002-05-15,49.99448066
2002-05-16,50.54540384
2002-05-17,50.99032383
2002-05-20,49.91898633
2002-05-21,48.76506095
2002-05-22,49.31750497
2002-05-23,49.11065285
2002-05-24,48.35875737
2002-05-28,48.04152945
2002-05-29,46.95173801
2002-05-30,47.12094222
2002-05-31,47.34836093
2002-06-03,46.33639490
2002-06-04,47.34225777
2002-06-05,48.10563510
2002-06-06,46.90717716
2002-06-07,42.36508158
2002-06-10,41.60405649
2002-06-11,40.92169515
2002-06-12,42.45538175
2002-06-13,42.07203376
2002-06-14,42.26354573
2002-06-17,43.68721273
2002-06-18,43.23047658
2002-06-19,41.64987476
2002-06-20,40.97968761
2002-06-21,40.58176560
2002-06-24,41.26324655
2002-06-25,40.46970885
2002-06-26,40.80169878
2002-06-27,40.84790921
2002-06-28,40.54255093
2002-07-01,39.95973089
2002-07-02,39.19925660
2002-07-03,40.59601336
2002-07-05,42.62662531
2002-07-08,41.78380841
2002-07-09,41.35263727
2002-07-10,40.44983006
2002-07-11,42.05854661
2002-07-12,41.85122307
2002-07-15,43.08952187
2002-07-16,42.47171489
2002-07-17,43.63801670
2002-07-18,43.43101252
2002-07-19,42.98370531
2002-07-22,42.66141694
2002-07-23,42.28983123
2002-07-24,43.28215710
2002-07-25,42.27025289
2002-07-26,42.63866642
2002-07-29,43.83013825
2002-07-30,43.91777563
2002-07-31,43.76175149
2002-08-01,42.70872430
2002-08-02,41.99941666
2002-08-05,41.31886908
2002-08-06,42.73807896
2002-08-07,43.39435063
2002-08-08,44.12193673
2002-08-09,43.67275066
2002-08-12,43.38805063
2002-08-13,42.67737377
2002-08-14,44.44771262
2002-08-15,44.79619879
2002-08-16,44.94964355
2002-08-19,45.72666990
2002-08-20,45.27870771
2002-08-21,45.95904533
2002-08-22,45.55085907
2002-08-23,44.46607277
2002-08-26,44.65729702
2002-08-27,43.80128660
2002-08-28,43.49821363
2002-08-29,43.84640035
2002-08-30,43.42064822
2002-09-03,42.69500782
2002-09-04,42.99364134
2002-09-05,42.10230011
2002-09-06,43.42457910
2002-09-09,43.29791181
2002-09-10,43.76203195
2002-09-11,43.94127467
2002-09-12,43.08587043
2002-09-13,43.48665418
2002-09-16,43.17784913
2002-09-17,43.05552313
2002-09-18,42.78092603
2002-09-19,42.49616961
2002-09-20,42.41969927
2002-09-23,41.68641576
2002-09-24,41.96429847
2002-09-25,43.09221258
2002-09-26,43.04281719
2002-09-27,42.51812933
2002-09-30,41.80525725
2002-10-01,42.84516674
2002-10-02,42.47946141
2002-10-03,42.02651964
2002-10-04,41.89829289
2002-10-07,42.05023899
2002-10-08,41.44973710
2002-10-09,41.78745638
2002-10-10,42.79284053
2002-10-11,44.20646343
2002-10-14,44.07882118
2002-10-15,45.95429224
2002-10-16,42.88854291
2002-10-17,43.77068703
2002-10-18,44.06318722
2002-10-21,45.30694637
2002-10-22,44.96844644
2002-10-23,46.25371830
2002-10-24,45.70127532
2002-10-25,46.86867665
2002-10-28,47.13321965
2002-10-29,46.69317724
2002-10-30,47.41075173
2002-10-31,47.78582342
2002-11-01,48.97801962
2002-11-04,49.52811874
2002-11-05,49.04817494
2002-11-06,49.98575074
2002-11-07,49.17020228
2002-11-08,48.83964162
2002-11-11,47.92566267
2002-11-12,48.46977381
2002-11-13,48.86769138
2002-11-14,50.15880556
2002-11-15,49.67958139
2002-11-18,49.38737011
2002-11-19,48.91979014
2002-11-20,50.11887715
2002-11-21,51.34839279
2002-11-22,51.15509156
2002-11-25,51.65187857
2002-11-26,51.30677769
2002-11-27,52.11904149
2002-11-29,52.09382397
2002-12-02,52.29308300
2002-12-03,51.34886229
2002-12-04,50.54717114
2002-12-05,49.67336935
2002-12-06,49.36817424
2002-12-09,48.13078294
2002-12-10,48.70130759
2002-12-11,48.73948490
2002-12-12,48.77820060
2002-12-13,48.02910559
2002-12-16,48.86587177
2002-12-17,48.45729738
2002-12-18,47.52780406
2002-12-19,47.36995215
2002-12-20,47.38360479
2002-12-23,47.65939745
2002-12-24,47.12008595
2002-12-26,47.00701183
2002-12-27,46.64073209
2002-12-30,45.84014228
2002-12-31,45.60411849
2003-01-02,47.23074910
2003-01-03,47.03941558
2003-01-06,47.95307169
2003-01-07,48.20829433
2003-01-08,47.31803039
2003-01-09,47.86446368
2003-01-10,48.37963403
2003-01-13,48.32574553
2003-01-14,48.91805605
2003-01-15,48.31445034
2003-01-16,48.10891910
2003-01-17,46.94601605
2003-01-21,46.87910576
2003-01-22,46.82487898
2003-01-23,47.47281251
2003-01-24,46.35286795
2003-01-27,46.39985285
2003-01-28,46.63718514
2003-01-29,47.62638153
2003-01-30,46.40600412
2003-01-31,46.24190199
2003-02-03,46.43428218
2003-02-04,46.23821824
2003-02-05,46.15339415
2003-02-06,45.91103119
2003-02-07,45.39830069
2003-02-10,45.77416571
2003-02-11,45.89452392
2003-02-12,45.61541734
2003-02-13,46.27903267
2003-02-14,47.34374443
2003-02-18,48.31695323
2003-02-19,48.40045314
2003-02-20,48.70345715
2003-02-21,48.43066465
2003-02-24,48.02886959
2003-02-25,48.35955787
2003-02-26,47.56680330
2003-02-27,48.37371019
2003-02-28,49.32078326
2003-03-03,48.35435055
2003-03-04,48.28919939
2003-03-05,48.91832489
2003-03-06,48.38687095
2003-03-07,47.32617187
2003-03-10,47.14852992
2003-03-11,47.06697107
2003-03-12,47.65552618
2003-03-13,49.74808844
2003-03-14,49.44187352
2003-03-17,50.95777343
2003-03-18,51.27453703
2003-03-19,50.80097335
2003-03-20,51.29170849
2003-03-21,52.37312130
2003-03-24,50.44805474
2003-03-25,50.81528025
2003-03-26,50.55583294
2003-03-27,50.01979761
2003-03-28,49.40200386
2003-03-31,47.83523094
2003-04-01,48.08428391
2003-04-02,49.98963747
2003-04-03,50.07422615
2003-04-04,49.19531786
2003-04-07,49.71249734
2003-04-08,49.28785029
2003-04-09,48.57980512
2003-04-10,48.93458572
2003-04-11,48.69572350
2003-04-14,49.44757365
2003-04-15,49.39505893
2003-04-16,51.20211796
2003-04-17,52.04635954
2003-04-21,52.02807572
2003-04-22,52.61974009
2003-04-23,53.41993348
2003-04-24,52.42700097
2003-04-25,51.20502654
2003-04-28,52.00207564
2003-04-29,52.28837447
2003-04-30,51.33707761
2003-05-01,51.56083855
2003-05-02,52.41552739
2003-05-05,52.39674623
2003-05-06,53.26405668
2003-05-07,52.63385520
2003-05-08,52.00888956
2003-05-09,53.22257039
2003-05-12,53.90623854
2003-05-13,53.59577610
2003-05-14,53.26474242
2003-05-15,53.84381751
2003-05-16,52.86548400
2003-05-19,51.29417849
2003-05-20,51.27552957
2003-05-21,51.59723754
2003-05-22,51.46303245
2003-05-23,51.53618754
2003-05-27,53.27085666
2003-05-28,53.19111784
2003-05-29,55.05307271
2003-05-30,55.03267561
2003-06-02,54.13635601
2003-06-03,55.34507257
2003-06-04,55.80510115
2003-06-05,56.55193088
2003-06-06,56.38363746
2003-06-09,56.19257098
2003-06-10,56.68943318
2003-06-11,56.51582833
2003-06-12,56.93440364
2003-06-13,55.24918917
2003-06-16,56.11184546
2003-06-17,55.22150195
2003-06-18,55.73107439
2003-06-19,54.41047125
2003-06-20,53.49094905
2003-06-23,52.86586949
2003-06-24,53.02771931
2003-06-25,52.19842465
2003-06-26,53.26657791
2003-06-27,53.14392670
2003-06-30,53.57817495
2003-07-01,54.64543227
2003-07-02,56.01481304
2003-07-03,54.98213530
2003-07-07,56.94016345
2003-07-08,57.32039811
2003-07-09,57.84028996
2003-07-10,56.63015256
2003-07-11,57.31439909
2003-07-14,58.36930142
2003-07-15,58.49186981
2003-07-16,60.28790952
2003-07-17,59.46719700
2003-07-18,58.88869158
2003-07-21,57.62351455
2003-07-22,58.17113616
2003-07-23,58.75753543
2003-07-24,57.00925188
2003-07-25,58.41550076
2003-07-28,58.10745491
2003-07-29,58.31582177
2003-07-30,57.46568325
2003-07-31,58.07133471
2003-08-01,58.26748054
2003-08-04,58.43458023
2003-08-05,56.63396630
2003-08-06,56.36730494
2003-08-07,56.05799370
2003-08-08,55.21685241
2003-08-11,55.74324585
2003-08-12,56.50586677
2003-08-13,57.04962654
2003-08-14,57.72843953
2003-08-15,57.53514310
2003-08-18,59.28879913
2003-08-19,59.70390646
2003-08-20,59.46199901
2003-08-21,59.50744155
2003-08-22,60.98804600
2003-08-25,60.65020075
2003-08-26,61.33186155
2003-08-27,61.77543737
2003-08-28,62.17348741
2003-08-29,62.58334829
2003-09-02,62.79511868
2003-09-03,61.56823519
2003-09-04,62.11756014
2003-09-05,62.27608345
2003-09-08,62.94890468
2003-09-09,62.01674573
2003-09-10,59.42713029
2003-09-11,59.98281733
2003-09-12,60.44381603
2003-09-15,59.65577860
2003-09-16,61.01275014
2003-09-17,60.94485983
2003-09-18,61.35248963
2003-09-19,61.36711539
2003-09-22,59.87135186
2003-09-23,60.50312380
2003-09-24,57.94420301
2003-09-25,57.24467760
2003-09-26,56.86437602
2003-09-29,58.57255252
2003-09-30,56.80708827
2003-10-01,58.46740292
2003-10-02,58.44685050
2003-10-03,59.86564939
2003-10-06,59.76097988
2003-10-07,60.31068392
2003-10-08,59.71584789
2003-10-09,59.85944978
2003-10-10,60.79621597
2003-10-13,61.31029899
2003-10-14,61.69634398
2003-10-15,62.61638368
2003-10-16,63.23626464
2003-10-17,61.97058737
2003-10-20,62.63682488
2003-10-21,62.54779092
2003-10-22,61.22208528
2003-10-23,60.57015764
2003-10-24,60.26599963
2003-10-27,60.75212033
2003-10-28,62.46671770
2003-10-29,62.63911634
2003-10-30,62.75938801
2003-10-31,62.84038595
2003-11-03,64.27401097
2003-11-04,63.45285410
2003-11-05,63.53172220
2003-11-06,64.03097942
2003-11-07,63.45056550
2003-11-10,62.34849778
2003-11-11,62.37615317
2003-11-12,63.32011620
2003-11-13,62.58056972
2003-11-14,60.38687027
2003-11-17,59.16180167
2003-11-18,58.33936311
2003-11-19,59.34029379
2003-11-20,57.90652488
2003-11-21,58.62750216
2003-11-24,60.23677674
2003-11-25,59.43354210
2003-11-26,59.82417635
2003-11-28,60.08904724
2003-12-01,60.78011195
2003-12-02,60.37663442
2003-12-03,59.30343819
2003-12-04,59.58952725
2003-12-05,56.67607501
2003-12-08,55.79110250
2003-12-09,53.23982547
2003-12-10,53.50393054
2003-12-11,54.26019803
2003-12-12,54.16889025
2003-12-15,53.04471772
2003-12-16,53.07662158
2003-12-17,52.91231253
2003-12-18,54.08327466
2003-12-19,53.47276493
2003-12-22,53.19555064
2003-12-23,54.30234948
2003-12-24,54.24570386
2003-12-26,54.69368900
2003-12-29,55.93013429
2003-12-30,55.71510800
2003-12-31,55.73081876
2004-01-02,55.90561883
2004-01-05,57.07918107
2004-01-06,57.05862078
2004-01-07,58.70560530
2004-01-08,59.07127472
2004-01-09,58.50303099
2004-01-12,58.77156425
2004-01-13,57.59394051
2004-01-14,57.17836780
2004-01-15,56.49525141
2004-01-16,56.14430182
2004-01-20,55.56689329
2004-01-21,54.72981933
2004-01-22,53.58994511
2004-01-23,53.79570331
2004-01-26,54.94529250
2004-01-27,53.35900100
2004-01-28,52.87451440
2004-01-29,51.93580664
2004-01-30,51.23819188
2004-02-02,50.86311991
2004-02-03,52.75965555
2004-02-04,50.24303350
2004-02-05,50.06727179
2004-02-06,51.71419026
2004-02-09,51.16078044
2004-02-10,51.10702807
2004-02-11,51.87730791
2004-02-12,51.42022194
2004-02-13,50.33910837
2004-02-17,51.49568382
2004-02-18,51.11671957
2004-02-19,49.85684497
2004-02-20,50.05056121
2004-02-23,48.32679217
2004-02-24,48.68577481
2004-02-25,49.43499350
2004-02-26,49.22643009
2004-02-27,48.70470362
2004-03-01,49.59096649
2004-03-02,49.43164487
2004-03-03,48.44803782
2004-03-04,49.55844007
2004-03-05,48.34480907
2004-03-08,46.28895454
2004-03-09,46.80359587
2004-03-10,45.73853206
2004-03-11,45.37850884
2004-03-12,46.51257389
2004-03-15,45.58289724
2004-03-16,45.69500437
2004-03-17,46.86241327
2004-03-18,45.92342187
2004-03-19,44.82567025
2004-03-22,44.43066719
2004-03-23,44.32386765
2004-03-24,45.03316046
2004-03-25,47.35286295
2004-03-26,46.70151758
2004-03-29,47.25861167
2004-03-30,46.84156086
2004-03-31,46.47309781
2004-04-01,46.80568302
2004-04-02,48.15083450
2004-04-05,48.91323173
2004-04-06,48.44216062
2004-04-07,47.36663142
2004-04-08,46.95936219
2004-04-12,47.38209115
2004-04-13,47.51139866
2004-04-14,47.00856734
2004-04-15,45.84239081
2004-04-16,45.50329550
2004-04-19,45.94803745
2004-04-20,44.95971497
2004-04-21,45.37056501
2004-04-22,45.83981496
2004-04-23,47.75779800
2004-04-26,47.12016941
2004-04-27,46.67051372
2004-04-28,45.79920071
2004-04-29,45.44154293
2004-04-30,44.79557269
2004-05-03,45.40642823
2004-05-04,45.87732466
2004-05-05,45.74374886
2004-05-06,45.37476100
2004-05-07,46.35363004
2004-05-10,46.51256199
2004-05-11,48.85917867
2004-05-12,48.50487234
2004-05-13,48.27377899
2004-05-14,47.56559134
2004-05-17,47.21385916
2004-05-18,47.82126043
2004-05-19,47.74925865
2004-05-20,48.34172836
2004-05-21,48.61786520
2004-05-24,48.99367908
2004-05-25,49.70161622
2004-05-26,50.22781958
2004-05-27,50.38401891
2004-05-28,50.58090814
2004-06-01,50.13636288
2004-06-02,49.49376029
2004-06-03,48.31452090
2004-06-04,49.79268590
2004-06-07,50.98241462
2004-06-08,51.44219882
2004-06-09,50.26502078
2004-06-10,50.73080938
2004-06-14,49.45675154
2004-06-15,50.31461736
2004-06-16,49.71087916
2004-06-17,48.77139259
2004-06-18,48.79145195
2004-06-21,48.55971690
2004-06-22,49.61295560
2004-06-23,50.56193001
2004-06-24,49.43895006
2004-06-25,49.10856998
2004-06-28,48.33665786
2004-06-29,48.78632627
2004-06-30,48.78632627
2004-07-01,47.65830173
2004-07-02,46.36307110
2004-07-06,45.95860661
2004-07-07,46.45459219
2004-07-08,46.22976105
2004-07-09,46.98974688
2004-07-12,46.36225784
2004-07-13,46.17249544
2004-07-14,41.42027388
2004-07-15,41.06258139
2004-07-16,40.41529079
2004-07-19,40.82133638
2004-07-20,41.56282419
2004-07-21,40.50080704
2004-07-22,42.07048008
2004-07-23,41.13899170
2004-07-26,41.79343777
2004-07-27,42.44338440
2004-07-28,42.85382930
2004-07-29,44.50388805
2004-07-30,44.79446293
2004-08-02,45.86375481
2004-08-03,44.63120548
2004-08-04,44.29993671
2004-08-05,43.80462017
2004-08-06,42.36148510
2004-08-09,42.04883263
2004-08-10,42.00160819
2004-08-11,41.40338936
2004-08-12,40.00245660
2004-08-13,40.71113422
2004-08-16,40.49858243
2004-08-17,40.70072227
2004-08-18,42.27202387
2004-08-19,41.93820350
2004-08-20,41.32270333
2004-08-23,41.92202537
2004-08-24,41.57065065
2004-08-25,42.19690622
2004-08-26,41.90366751
2004-08-27,42.46763156
2004-08-30,41.77569065
2004-08-31,41.27160227
2004-09-01,41.59484758
2004-09-02,42.05756631
2004-09-03,39.54389759
2004-09-07,39.30230799
2004-09-08,39.04489801
2004-09-09,40.09961246
2004-09-10,41.02091602
2004-09-13,41.54594959
2004-09-14,41.49701453
2004-09-15,40.92582075
2004-09-16,40.42527335
2004-09-17,41.54948880
2004-09-20,42.30963610
2004-09-21,42.67673224
2004-09-22,41.56858092
2004-09-23,41.50224637
2004-09-24,41.08607537
2004-09-27,40.73757282
2004-09-28,40.34040057
2004-09-29,41.28515389
2004-09-30,41.26813367
2004-10-01,43.14845087
2004-10-04,43.79616812
2004-10-05,44.23403808
2004-10-06,43.88678479
2004-10-07,44.14461214
2004-10-08,42.88916652
2004-10-11,43.03225301
2004-10-12,42.43834367
2004-10-13,44.12347081
2004-10-14,43.25402444
2004-10-15,43.48963661
2004-10-18,43.91534115
2004-10-19,43.93916510
2004-10-20,45.46866940
2004-10-21,46.02093304
2004-10-22,45.26436882
2004-10-25,45.28779175
2004-10-26,45.50096884
2004-10-27,46.90176103
2004-10-28,47.51826939
2004-10-29,47.49752506
2004-11-01,47.91321991
2004-11-02,48.30581419
2004-11-03,48.44510255
2004-11-04,48.93421617
2004-11-05,50.03465998
2004-11-08,49.73982490
2004-11-09,49.39870917
2004-11-10,48.89917881
2004-11-11,49.62814470
2004-11-12,50.82327752
2004-11-15,51.00491044
2004-11-16,51.16520221
2004-11-17,52.25308122
2004-11-18,53.30944314
2004-11-19,51.75875816
2004-11-22,51.61580050
2004-11-23,49.91232539
2004-11-24,50.45826760
2004-11-26,49.54416980
2004-11-29,49.20467807
2004-11-30,47.69979017
2004-12-01,49.36513800
2004-12-02,48.51528057
2004-12-03,51.14370514
2004-12-06,51.35389754
2004-12-07,50.19154915
2004-12-08,49.18881764
2004-12-09,48.66360655
2004-12-10,48.24505797
2004-12-13,48.40280708
2004-12-14,49.75814213
2004-12-15,49.54147317
2004-12-16,48.95690379
2004-12-17,48.74056476
2004-12-20,48.58792412
2004-12-21,50.36946839
2004-12-22,50.27987383
2004-12-23,50.48115887
2004-12-27,50.09212401
2004-12-28,49.88541484
2004-12-29,49.81581885
2004-12-30,49.81581885
2004-12-31,50.15057359
2005-01-03,49.38582398
2005-01-04,48.31028874
2005-01-05,47.80458632
2005-01-06,47.98055118
2005-01-07,48.83151368
2005-01-10,49.03076318
2005-01-11,48.22027970
2005-01-12,49.75838860
2005-01-13,48.94856824
2005-01-14,49.44016891
2005-01-18,49.24751545
2005-01-19,48.43287472
2005-01-20,48.38505838
2005-01-21,48.00002284
2005-01-24,46.97959875
2005-01-25,47.68878895
2005-01-26,48.10654420
2005-01-27,47.83978073
2005-01-28,47.66894202
2005-01-31,48.23221587
2005-02-01,48.71277736
2005-02-02,48.58553743
2005-02-03,48.07537620
2005-02-04,49.73703610
2005-02-07,49.50348171
2005-02-08,50.80686896
2005-02-09,50.51553107
2005-02-10,51.03401813
2005-02-11,52.71951124
2005-02-14,53.06238719
2005-02-15,53.45418691
2005-02-16,52.53559188
2005-02-17,51.15575892
2005-02-18,52.13219832
2005-02-22,51.43598868
2005-02-23,50.25621876
2005-02-24,51.24062664
2005-02-25,52.20131445
2005-02-28,51.93484166
2005-03-01,53.45510256
2005-03-02,53.18391824
2005-03-03,53.12917034
2005-03-04,53.56608671
2005-03-07,54.59303481
2005-03-08,53.72306850
2005-03-09,53.81950989
2005-03-10,53.84393240
2005-03-11,52.02753436
2005-03-14,52.20388595
2005-03-15,51.14009538
2005-03-16,50.23375164
2005-03-17,49.89038980
2005-03-18,49.89038980
2005-03-21,50.13379247
2005-03-22,48.84854129
2005-03-23,49.85495870
2005-03-24,49.29587000
2005-03-28,49.62373278
2005-03-29,49.21968592
2005-03-30,50.15400774
2005-03-31,49.44740963
2005-04-01,48.85589362
2005-04-04,48.64099871
2005-04-05,49.20824752
2005-04-06,48.98843817
2005-04-07,50.00901811
2005-04-08,49.67258212
2005-04-11,49.19637933
2005-04-12,49.48569063
2005-04-13,48.36672087
2005-04-14,47.46738394
2005-04-15,46.48316556
2005-04-18,46.75589586
2005-04-19,48.01163363
2005-04-20,48.10043323
2005-04-21,50.11941622
2005-04-22,49.78223536
2005-04-25,50.26365984
2005-04-26,50.00589778
2005-04-27,50.54962236
2005-04-28,49.62641032
2005-04-29,50.57189584
2005-05-02,50.65740282
2005-05-03,51.45351009
2005-05-04,52.23618601
2005-05-05,52.65151513
2005-05-06,53.28411748
2005-05-09,54.12316015
2005-05-10,53.71228843
2005-05-11,53.98519504
2005-05-12,54.17726559
2005-05-13,54.94134126
2005-05-16,55.50646469
2005-05-17,56.48312118
2005-05-18,57.07793625
2005-05-19,57.28419398
2005-05-20,58.15220364
2005-05-23,58.52979139
2005-05-24,59.66335040
2005-05-25,59.76049260
2005-05-26,60.65073876
2005-05-27,60.69846794
2005-05-31,59.13212744
2005-06-01,59.93792034
2005-06-02,60.65418993
2005-06-03,59.71444637
2005-06-06,59.14175221
2005-06-07,58.04630459
2005-06-08,58.64854617
2005-06-09,60.10273098
2005-06-10,57.63264603
2005-06-13,57.68171151
2005-06-14,56.68168692
2005-06-15,57.28340626
2005-06-16,57.73064835
2005-06-17,57.73064835
2005-06-20,56.97854705
2005-06-21,57.69102136
2005-06-22,57.44945457
2005-06-23,56.28678269
2005-06-24,54.09568436
2005-06-27,53.34028127
2005-06-28,54.60118390
2005-06-29,54.34729495
2005-06-30,53.61929050
2005-07-01,54.13475256
2005-07-05,55.38059729
2005-07-06,54.80159473
2005-07-07,54.96100505
2005-07-08,56.81721475
2005-07-11,57.84646578
2005-07-12,57.96759260
2005-07-13,57.43124466
2005-07-14,58.14414282
2005-07-15,59.15040346
2005-07-18,58.91067249
2005-07-19,60.03861977
2005-07-20,55.91406634
2005-07-21,54.68235859
2005-07-22,53.85943876
2005-07-25,53.19162527
2005-07-26,54.12104729
2005-07-27,54.54223840
2005-07-28,55.22977998
2005-07-29,54.63036036
2005-08-01,54.54018917
2005-08-02,55.65532276
2005-08-03,55.85086216
2005-08-04,53.94823672
2005-08-05,53.24642816
2005-08-08,53.07112879
2005-08-09,53.56281334
2005-08-10,53.50288216
2005-08-11,53.32111544
2005-08-12,51.80181872
2005-08-15,52.39607681
2005-08-16,50.86174548
2005-08-17,51.10866277
2005-08-18,50.50721566
2005-08-19,49.85461686
2005-08-22,51.00084655
2005-08-23,50.03753643
2005-08-24,49.50682637
2005-08-25,49.31112175
2005-08-26,49.17012096
2005-08-29,50.09763359
2005-08-30,49.63767832
2005-08-31,50.07411966
2005-09-01,48.75808099
2005-09-02,48.81748355
2005-09-06,50.05236613
2005-09-07,49.93582715
2005-09-08,51.17691580
2005-09-09,48.77784754
2005-09-12,48.06946921
2005-09-13,47.82529329
2005-09-14,46.72710428
2005-09-15,46.90829654
2005-09-16,47.69131121
2005-09-19,47.33679011
2005-09-20,46.79327746
2005-09-21,46.85525076
2005-09-22,47.04318562
2005-09-23,46.54170843
2005-09-26,46.09808124
2005-09-27,45.03539105
2005-09-28,45.42852834
2005-09-29,47.12495625
2005-09-30,47.65504891
2005-10-03,47.51276173
2005-10-04,47.22634093
2005-10-05,46.01492077
2005-10-06,45.16661071
2005-10-07,45.36460514
2005-10-10,44.28198262
2005-10-11,44.28198262
2005-10-12,43.79682613
2005-10-13,43.68879849
2005-10-14,43.79439824
2005-10-17,44.60331608
2005-10-18,45.50379153
2005-10-19,45.41728247
2005-10-20,45.21356799
2005-10-21,43.87167134
2005-10-24,43.73143884
2005-10-25,43.76795249
2005-10-26,43.65288223
2005-10-27,42.99280759
2005-10-28,44.79885778
2005-10-31,45.40827289
2005-11-01,42.99773416
2005-11-02,45.48730418
2005-11-03,47.17944742
2005-11-04,47.49775967
2005-11-07,49.08696004
2005-11-08,49.23994454
2005-11-09,50.00285865
2005-11-10,51.31093190
2005-11-11,50.97232354
2005-11-14,51.67892731
2005-11-15,50.78077096
2005-11-16,50.26071518
2005-11-17,50.86200616
2005-11-18,51.42852800
2005-11-21,51.27054410
2005-11-22,53.88889431
2005-11-23,55.17907146
2005-11-25,55.62567029
2005-11-28,55.75735933
2005-11-29,55.48977126
2005-11-30,55.15373418
2005-12-01,56.49170121
2005-12-02,57.14102939
2005-12-05,55.36203954
2005-12-06,54.61265616
2005-12-07,52.96638562
2005-12-08,51.59930740
2005-12-09,52.64749796
2005-12-12,54.08269187
2005-12-13,54.34295080
2005-12-14,54.06285104
2005-12-15,53.90608230
2005-12-16,53.27843421
2005-12-19,51.45310563
2005-12-20,51.53741427
2005-12-21,51.73605693
2005-12-22,51.99300675
2005-12-23,51.99300675
2005-12-27,50.42388639
2005-12-28,50.36335568
2005-12-29,49.25235042
2005-12-30,48.92645943
2006-01-03,50.76138530
2006-01-04,51.74283072
2006-01-05,52.75550209
2006-01-06,52.86711405
2006-01-09,53.31517743
2006-01-10,52.21244933
2006-01-11,52.26973761
2006-01-12,51.73427991
2006-01-13,51.17058082
2006-01-17,50.33503481
2006-01-18,42.68032687
2006-01-19,42.23354422
2006-01-20,40.84397578
2006-01-23,39.98794619
2006-01-24,39.84315044
2006-01-25,39.69715541
2006-01-26,40.58163462
2006-01-27,41.14524334
2006-01-30,41.10124838
2006-01-31,40.24892283
2006-02-01,41.17024769
2006-02-02,40.40655036
2006-02-03,39.43022703
2006-02-06,39.15865547
2006-02-07,39.35444586
2006-02-08,39.35444586
2006-02-09,40.44179950
2006-02-10,41.37987443
2006-02-13,41.01785804
2006-02-14,41.79362707
2006-02-15,41.74715318
2006-02-16,41.74715318
2006-02-17,40.04764934
2006-02-21,40.08112747
2006-02-22,39.04048319
2006-02-23,39.51556862
2006-02-24,39.75399742
2006-02-27,40.30030826
2006-02-28,40.57395765
2006-03-01,41.25762544
2006-03-02,40.52371442
2006-03-03,40.12616707
2006-03-06,40.07918472
2006-03-07,39.51533218
2006-03-08,39.39805732
2006-03-09,38.79005518
2006-03-10,39.15683223
2006-03-13,38.87294735
2006-03-14,38.98526366
2006-03-15,39.58654150
2006-03-16,38.92904809
2006-03-17,38.66334195
2006-03-20,38.97102143
2006-03-21,39.58658821
2006-03-22,40.35040255
2006-03-23,39.63783440
2006-03-24,39.38554637
2006-03-27,39.96763947
2006-03-28,39.53067957
2006-03-29,40.46395275
2006-03-30,40.14928568
2006-03-31,39.52494042
2006-04-03,39.24089151
2006-04-04,39.11113009
2006-04-05,39.83849945
2006-04-06,39.57177341
2006-04-07,39.19862019
2006-04-10,39.69368018
2006-04-11,39.15404322
2006-04-12,39.04622065
2006-04-13,40.42097356
2006-04-17,39.70440866
2006-04-18,40.52806589
2006-04-19,41.22123320
2006-04-20,40.90790284
2006-04-21,39.81802788
2006-04-24,39.40791087
2006-04-25,40.40536168
2006-04-26,41.78421285
2006-04-27,44.06507854
2006-04-28,43.76987901
2006-05-01,42.35772144
2006-05-02,42.74062702
2006-05-03,41.53566443
2006-05-04,42.22811164
2006-05-05,42.87706867
2006-05-08,45.08813614
2006-05-09,44.47617796
2006-05-10,43.56117801
2006-05-11,42.94429445
2006-05-12,42.06430007
2006-05-15,43.10045127
2006-05-16,42.38554911
2006-05-17,41.31480001
2006-05-18,41.28831674
2006-05-19,40.52324873
2006-05-22,39.62327588
2006-05-23,39.47065722
2006-05-24,39.31684494
2006-05-25,39.95058775
2006-05-26,40.61977712
2006-05-30,39.54045699
2006-05-31,40.36475947
2006-06-01,40.44330402
2006-06-02,41.19060032
2006-06-05,40.51130205
2006-06-06,40.00210031
2006-06-07,38.95515772
2006-06-08,38.24357610
2006-06-09,38.44748928
2006-06-12,37.68913662
2006-06-13,38.75249235
2006-06-14,41.14570943
2006-06-15,42.60204048
2006-06-16,43.26016098
2006-06-19,43.09288858
2006-06-20,42.84052723
2006-06-21,43.76953594
2006-06-22,43.34028822
2006-06-23,42.63257108
2006-06-26,43.67871972
2006-06-27,43.02416513
2006-06-28,45.23478019
2006-06-29,47.47423145
2006-06-30,46.53715286
2006-07-03,47.71630928
2006-07-05,45.97142154
2006-07-06,46.29837872
2006-07-07,45.48761669
2006-07-10,44.45168251
2006-07-11,46.06045009
2006-07-12,43.97503031
2006-07-13,43.56926838
2006-07-14,44.09318633
2006-07-17,43.98949103
2006-07-18,45.20023163
2006-07-19,46.09579566
2006-07-20,42.58680972
2006-07-21,42.74603590
2006-07-24,43.79096359
2006-07-25,43.97976427
2006-07-26,43.87996911
2006-07-27,43.80425599
2006-07-28,46.04203400
2006-07-31,45.57474586
2006-08-01,44.70434406
2006-08-02,44.52652968
2006-08-03,43.86830122
2006-08-04,44.38216957
2006-08-07,43.94801412
2006-08-08,44.07874222
2006-08-09,44.21088369
2006-08-10,45.35834572
2006-08-11,44.45622292
2006-08-14,45.93379137
2006-08-15,46.74699799
2006-08-16,48.20765088
2006-08-17,48.06816246
2006-08-18,47.62036851
2006-08-21,47.20168527
2006-08-22,47.48305471
2006-08-23,47.60907860
2006-08-24,48.17744580
2006-08-25,49.23398858
2006-08-28,50.67584317
2006-08-29,51.54934501
2006-08-30,52.00969520
2006-08-31,51.17633073
2006-09-01,52.07184254
2006-09-05,52.38657393
2006-09-06,50.31228308
2006-09-07,50.04591350
2006-09-08,50.72305104
2006-09-11,50.57169705
2006-09-12,51.59846050
2006-09-13,51.83074485
2006-09-14,51.67333497
2006-09-15,50.82674279
2006-09-18,51.24737431
2006-09-19,50.52622880
2006-09-20,50.74049070
2006-09-21,49.80169899
2006-09-22,49.43015946
2006-09-25,50.49296839
2006-09-26,52.14532710
2006-09-27,53.38082487
2006-09-28,54.43662846
2006-09-29,53.78550634
2006-10-02,53.36413586
2006-10-03,53.73227364
2006-10-04,54.43479108
2006-10-05,54.30081483
2006-10-06,53.79651746
2006-10-09,53.76271790
2006-10-10,54.54598507
2006-10-11,54.54598507
2006-10-12,56.24502377
2006-10-13,56.54745064
2006-10-16,56.57516566
2006-10-17,54.08775315
2006-10-18,54.68623083
2006-10-19,54.41181156
2006-10-20,55.26674115
2006-10-23,55.60497012
2006-10-24,56.08273366
2006-10-25,56.36328124
2006-10-26,56.50438463
2006-10-27,54.12264714
2006-10-30,54.58691785
2006-10-31,54.81910126
2006-11-01,53.70365808
2006-11-02,52.54980901
2006-11-03,51.98264729
2006-11-06,52.92363690
2006-11-07,52.85576307
2006-11-08,52.54777690
2006-11-09,51.56449731
2006-11-10,52.06708676
2006-11-13,53.35739956
2006-11-14,55.88447882
2006-11-15,57.06573743
2006-11-16,57.09225715
2006-11-17,56.28020883
2006-11-20,56.74208411
2006-11-21,54.34126795
2006-11-22,54.78537521
2006-11-24,54.31587880
2006-11-27,52.45699911
2006-11-28,52.32935863
2006-11-29,53.08299523
2006-11-30,53.54203591
2006-12-01,52.02347739
2006-12-04,52.86128901
2006-12-05,52.53997058
2006-12-06,51.83593350
2006-12-07,51.04649130
2006-12-08,51.13718612
2006-12-11,51.19840658
2006-12-12,51.29137007
2006-12-13,51.19232869
2006-12-14,51.41465768
2006-12-15,52.01719850
2006-12-18,51.60666678
2006-12-19,50.99354992
2006-12-20,50.78927194
2006-12-21,50.00932441
2006-12-22,49.04484340
2006-12-26,49.28462413
2006-12-27,50.13574418
2006-12-28,50.20364454
2006-12-29,49.62034074
2007-01-03,49.96763297
2007-01-04,52.68403938
2007-01-05,52.43720774
2007-01-08,52.11835489
2007-01-09,52.18397950
2007-01-10,53.76080920
2007-01-11,54.99137624
2007-01-12,55.62111733
2007-01-16,56.12582550
2007-01-17,51.69986346
2007-01-18,50.44923369
2007-01-19,50.97425885
2007-01-22,50.87764309
2007-01-23,50.10597940
2007-01-24,51.01769280
2007-01-25,50.24597898
2007-01-26,50.02184425
2007-01-29,51.15980390
2007-01-30,51.28497777
2007-01-31,51.37988986
2007-02-01,51.85623565
2007-02-02,52.23643997
2007-02-05,52.39553592
2007-02-06,52.49195801
2007-02-07,53.13472461
2007-02-08,52.59272198
2007-02-09,51.42074182
2007-02-12,50.62221988
2007-02-13,50.85811153
2007-02-14,51.76085447
2007-02-15,52.32094937
2007-02-16,52.03221179
2007-02-20,51.85057655
2007-02-21,50.77057106
2007-02-22,51.08102908
2007-02-23,50.32888083
2007-02-26,50.64520460
2007-02-27,47.82679960
2007-02-28,47.27288078
2007-03-01,46.40592280
2007-03-02,45.25091672
2007-03-05,44.91339478
2007-03-06,45.99203726
2007-03-07,45.12557897
2007-03-08,45.53497943
2007-03-09,45.13083210
2007-03-12,46.53947659
2007-03-13,45.41759193
2007-03-14,45.82287966
2007-03-15,45.54187491
2007-03-16,45.57953861
2007-03-19,45.45185036
2007-03-20,45.06716086
2007-03-21,46.41070931
2007-03-22,45.82529359
2007-03-23,46.24612632
2007-03-26,46.32312664
2007-03-27,45.56089266
2007-03-28,44.90829661
2007-03-29,45.81479414
2007-03-30,45.97181501
2007-04-02,45.97181501
2007-04-03,46.68892247
2007-04-04,46.96693827
2007-04-05,47.75751380
2007-04-09,49.73611066
2007-04-10,51.80388684
2007-04-11,51.03188944
2007-04-12,51.13754116
2007-04-13,50.98856920
2007-04-16,51.80841106
2007-04-17,52.81905372
2007-04-18,54.06726273
2007-04-19,55.55203912
2007-04-20,56.63527030
2007-04-23,55.65137404
2007-04-24,55.74507694
2007-04-25,56.73534411
2007-04-26,56.05853497
2007-04-27,55.19316270
2007-04-30,53.77521898
2007-05-01,54.73286933
2007-05-02,55.14187888
2007-05-03,54.41210834
2007-05-04,54.92233825
2007-05-07,55.11367038
2007-05-08,55.71817182
2007-05-09,56.71528380
2007-05-10,55.68066372
2007-05-11,55.90064388
2007-05-14,55.26388559
2007-05-15,54.82780307
2007-05-16,55.38043788
2007-05-17,55.54290391
2007-05-18,57.03638675
2007-05-21,56.74801357
2007-05-22,57.86080988
2007-05-23,56.54739517
2007-05-24,53.83255404
2007-05-25,54.43559681
2007-05-29,54.87667520
2007-05-30,54.04174794
2007-05-31,54.36229905
2007-06-01,54.93689583
2007-06-04,54.16729206
2007-06-05,53.40742419
2007-06-06,51.67721656
2007-06-07,51.03413112
2007-06-08,52.75898163
2007-06-11,53.08177807
2007-06-12,53.94473191
2007-06-13,55.39514948
2007-06-14,57.03263306
2007-06-15,59.73993132
2007-06-18,59.47614624
2007-06-19,59.21061327
2007-06-20,58.60324803
2007-06-21,59.52563794
2007-06-22,57.33832642
2007-06-25,56.55136096
2007-06-26,56.19530052
2007-06-27,57.31442103
2007-06-28,57.66273140
2007-06-29,57.00856056
2007-07-02,58.41922996
2007-07-03,59.23937671
2007-07-05,59.26487737
2007-07-06,59.47089342
2007-07-09,60.18664235
2007-07-10,60.21212950
2007-07-11,58.68590451
2007-07-12,62.16773359
2007-07-13,62.05629692
2007-07-16,61.98108157
2007-07-17,62.85005805
2007-07-18,58.32505951
2007-07-19,58.79949458
2007-07-20,56.48121398
2007-07-23,56.89449786
2007-07-24,56.28773505
2007-07-25,56.19163128
2007-07-26,54.61331926
2007-07-27,53.21666427
2007-07-30,54.02145429
2007-07-31,53.33015945
2007-08-01,53.80006816
2007-08-02,55.07618236
2007-08-03,53.89684403
2007-08-06,54.45557203
2007-08-07,54.45557203
2007-08-08,55.83579648
2007-08-09,53.55796280
2007-08-10,53.70937934
2007-08-13,53.81134163
2007-08-14,53.15729685
2007-08-15,51.48187290
2007-08-16,51.14315949
2007-08-17,52.72272706
2007-08-20,53.76024034
2007-08-21,53.12488685
2007-08-22,53.78052021
2007-08-23,53.98166002
2007-08-24,55.36269021
2007-08-27,54.35680222
2007-08-28,52.94868145
2007-08-29,55.64015655
2007-08-30,56.06929476
2007-08-31,57.11166217
2007-09-04,58.03684109
2007-09-05,57.48039286
2007-09-06,57.82622333
2007-09-07,55.86495759
2007-09-10,55.52742122
2007-09-11,56.22142239
2007-09-12,55.65236591
2007-09-13,55.33948532
2007-09-14,54.15873671
2007-09-17,53.93611064
2007-09-18,55.24405614
2007-09-19,55.85780694
2007-09-20,56.15184416
2007-09-21,56.28833543
2007-09-24,56.54021762
2007-09-25,56.27076963
2007-09-26,56.31775473
2007-09-27,55.86059618
2007-09-28,56.10187210
2007-10-01,57.31054110
2007-10-02,57.33393057
2007-10-03,55.57096924
2007-10-04,54.93886815
2007-10-05,54.75813104
2007-10-08,55.05844995
2007-10-09,55.50838372
2007-10-10,55.60868548
2007-10-11,54.21224144
2007-10-12,54.52154582
2007-10-15,55.03569891
2007-10-16,54.19562792
2007-10-17,57.24001584
2007-10-18,57.81414808
2007-10-19,55.77575455
2007-10-22,56.56503416
2007-10-23,56.93239732
2007-10-24,54.61598521
2007-10-25,54.27530232
2007-10-26,54.39568732
2007-10-29,55.16296579
2007-10-30,55.18689547
2007-10-31,56.66667151
2007-11-01,55.48520616
2007-11-02,56.18110783
2007-11-05,56.27367796
2007-11-06,57.74682052
2007-11-07,56.00734294
2007-11-08,53.32523272
2007-11-09,51.31817835
2007-11-12,51.83745553
2007-11-13,53.59690846
2007-11-14,52.85828754
2007-11-15,52.05434619
2007-11-16,52.00413672
2007-11-19,51.15230378
2007-11-20,51.97475219
2007-11-21,49.80890694
2007-11-23,50.83755085
2007-11-26,49.20806051
2007-11-27,50.89786037
2007-11-28,53.20546310
2007-11-29,53.51362878
2007-11-30,52.90033871
2007-12-03,53.25608109
2007-12-04,53.38229209
2007-12-05,55.24376368
2007-12-06,56.70998453
2007-12-07,56.09602863
2007-12-10,56.19236705
2007-12-11,54.14121516
2007-12-12,54.83073497
2007-12-13,54.54515395
2007-12-14,52.53057318
2007-12-17,51.27052462
2007-12-18,51.66304958
2007-12-19,52.23887020
2007-12-20,52.68861704
2007-12-21,53.79338794
2007-12-24,54.48036913
2007-12-26,54.75365914
2007-12-27,53.31400598
2007-12-28,53.15374874
2007-12-31,52.92293820
2008-01-02,50.03240607
2008-01-03,48.63208463
2008-01-04,44.87991198
2008-01-07,45.32972477
2008-01-08,44.24701265
2008-01-09,45.29580384
2008-01-10,44.92793595
2008-01-11,43.97788288
2008-01-14,46.26498307
2008-01-15,45.58866203
2008-01-16,41.18314837
2008-01-17,40.40692947
2008-01-18,39.94810532
2008-01-22,39.41096173
2008-01-23,42.18446630
2008-01-24,43.54469422
2008-01-25,42.55646691
2008-01-28,43.10760318
2008-01-29,43.50623274
2008-01-30,43.86764310
2008-01-31,44.64375963
2008-02-01,45.88556120
2008-02-04,45.01307814
2008-02-05,43.42418152
2008-02-06,43.13779231
2008-02-07,43.38428454
2008-02-08,43.80299203
2008-02-11,44.57877886
2008-02-12,44.99260932
2008-02-13,45.57420629
2008-02-14,44.42017986
2008-02-15,43.89339474
2008-02-19,43.98976648
2008-02-20,44.41641968
2008-02-21,44.29181517
2008-02-22,43.54736468
2008-02-25,43.78726178
2008-02-26,45.26373547
2008-02-27,45.41904167
2008-02-28,44.96551785
2008-02-29,44.13429427
2008-03-03,44.21486120
2008-03-04,44.19867730
2008-03-05,44.61049792
2008-03-06,44.06552155
2008-03-07,44.48298072
2008-03-10,44.58798877
2008-03-11,46.79559918
2008-03-12,46.65576176
2008-03-13,46.97760259
2008-03-14,45.88802348
2008-03-17,46.27584518
2008-03-18,48.06648691
2008-03-19,46.90218138
2008-03-20,48.17709200
2008-03-24,48.89462445
2008-03-25,49.15802957
2008-03-26,48.41581426
2008-03-27,47.06051868
2008-03-28,46.54495620
2008-03-31,47.30712914
2008-04-01,48.80873896
2008-04-02,48.59509915
2008-04-03,48.74699631
2008-04-04,48.63752407
2008-04-07,48.41665994
2008-04-08,47.20122878
2008-04-09,47.87562312
2008-04-10,49.15597234
2008-04-11,47.64325520
2008-04-14,46.68782045
2008-04-15,47.11863903
2008-04-16,49.42068035
2008-04-17,49.38489007
2008-04-18,50.19094047
2008-04-21,50.02544043
2008-04-22,49.16559206
2008-04-23,50.21949541
2008-04-24,50.45741544
2008-04-25,50.21367528
2008-04-28,50.49391859
2008-04-29,50.32131408
2008-04-30,49.63205960
2008-05-01,51.56002338
2008-05-02,52.08448423
2008-05-05,51.44080758
2008-05-06,52.04273918
2008-05-07,51.24124811
2008-05-08,51.66535414
2008-05-09,51.60589296
2008-05-12,52.10970523
2008-05-13,52.33370386
2008-05-14,52.48418239
2008-05-15,54.54285264
2008-05-16,54.59589646
2008-05-19,54.33831107
2008-05-20,52.67660558
2008-05-21,51.80089523
2008-05-22,52.21368778
2008-05-23,51.26113143
2008-05-27,51.62348367
2008-05-28,51.35815062
2008-05-29,50.68650983
2008-05-30,50.76577549
2008-06-02,50.80593111
2008-06-03,50.26468200
2008-06-04,51.35775551
2008-06-05,52.12947385
2008-06-06,50.12082835
2008-06-09,49.83932643
2008-06-10,49.67740016
2008-06-11,47.95649963
2008-06-12,48.45675703
2008-06-13,49.70473470
2008-06-16,50.10699736
2008-06-17,49.54357926
2008-06-18,48.94471033
2008-06-19,50.10845846
2008-06-20,49.15028548
2008-06-23,49.13040732
2008-06-24,49.23466599
2008-06-25,49.73687755
2008-06-26,47.62353875
2008-06-27,47.43044185
2008-06-30,47.41091801
2008-07-01,47.60804618
2008-07-02,46.35316291
2008-07-03,45.83550582
2008-07-07,45.94903231
2008-07-08,46.42800829
2008-07-09,44.31966131
2008-07-10,46.13260417
2008-07-11,46.17654697
2008-07-14,45.85360026
2008-07-15,46.39117812
2008-07-16,46.83789082
2008-07-17,49.16122705
2008-07-18,49.36930850
2008-07-21,49.36930850
2008-07-22,49.36930850
2008-07-23,49.82113994
2008-07-24,48.50233295
2008-07-25,49.23883106
2008-07-28,48.53387439
2008-07-29,49.73763493
2008-07-30,49.73763493
2008-07-31,49.65207235
2008-08-01,50.00149998
2008-08-04,50.37316973
2008-08-05,51.45120546
2008-08-06,50.95654790
2008-08-07,52.77987549
2008-08-08,53.90030208
2008-08-11,54.19596289
2008-08-12,54.47274835
2008-08-13,53.53404000
2008-08-14,54.01691555
2008-08-15,53.78040482
2008-08-18,53.18909819
2008-08-19,52.20964856
2008-08-20,51.74878128
2008-08-21,50.97193278
2008-08-22,51.92057747
2008-08-25,50.74212690
2008-08-26,51.13206882
2008-08-27,51.69307224
2008-08-28,52.07987719
2008-08-29,50.43912529
2008-09-02,49.79735410
2008-09-03,47.59182963
2008-09-04,45.58093241
2008-09-05,45.78621274
2008-09-08,46.60446520
2008-09-09,45.36811667
2008-09-10,45.04573520
2008-09-11,45.11563697
2008-09-12,45.05742845
2008-09-15,43.53619117
2008-09-16,43.82512225
2008-09-17,42.12829682
2008-09-18,43.81501763
2008-09-19,43.76028419
2008-09-22,42.44977480
2008-09-23,42.75981043
2008-09-24,42.92795846
2008-09-25,42.69142044
2008-09-26,44.20458844
2008-09-29,40.84878635
2008-09-30,44.10867027
2008-10-01,43.75639687
2008-10-02,41.63369719
2008-10-03,41.87235426
2008-10-06,41.28013265
2008-10-07,39.90734908
2008-10-08,40.41598912
2008-10-09,39.45739125
2008-10-10,38.86682826
2008-10-13,42.69137425
2008-10-14,41.15160214
2008-10-15,39.85688459
2008-10-16,41.62302571
2008-10-17,41.09966069
2008-10-20,42.14949925
2008-10-21,41.06204314
2008-10-22,40.16936515
2008-10-23,40.07691552
2008-10-24,39.77146213
2008-10-27,39.73134676
2008-10-28,42.87204269
2008-10-29,41.61351116
2008-10-30,43.85160324
2008-10-31,43.65814640
2008-11-03,43.11993747
2008-11-04,44.22999540
2008-11-05,42.59590395
2008-11-06,41.06777591
2008-11-07,42.40792961
2008-11-10,42.05012422
2008-11-11,41.51648828
2008-11-12,41.00062314
2008-11-13,42.60814453
2008-11-14,41.21691190
2008-11-17,40.82660094
2008-11-18,41.02158740
2008-11-19,40.26212373
2008-11-20,39.94713485
2008-11-21,41.51984879
2008-11-24,42.30457936
2008-11-25,41.76074129
2008-11-26,43.20919450
2008-11-28,42.98943211
2008-12-01,41.42850510
2008-12-02,42.65636911
2008-12-03,43.29357635
2008-12-04,42.17869551
2008-12-05,43.04896416
2008-12-08,44.11676530
2008-12-09,44.69999078
2008-12-10,44.66054222
2008-12-11,44.31629333
2008-12-12,45.52995612
2008-12-15,45.31307831
2008-12-16,46.99586974
2008-12-17,46.47027653
2008-12-18,45.12155013
2008-12-19,45.41118985
2008-12-22,45.27635919
2008-12-23,44.91070313
2008-12-24,45.17717557
2008-12-26,45.10792532
2008-12-29,45.03781001
2008-12-30,45.99272282
2008-12-31,45.94928729
2009-01-02,46.86662501
2009-01-05,46.43676465
2009-01-06,47.21669092
2009-01-07,45.84597805
2009-01-08,46.03417513
2009-01-09,45.45083120
2009-01-12,44.93040335
2009-01-13,44.75690678
2009-01-14,43.91022468
2009-01-15,44.29118950
2009-01-16,45.10267166
2009-01-20,43.83450952
2009-01-21,44.55421000
2009-01-22,43.92539345
2009-01-23,44.46811812
2009-01-26,44.93720905
2009-01-27,45.70754928
2009-01-28,46.06399879
2009-01-29,45.10164595
2009-01-30,44.40965352
2009-02-02,45.72330670
2009-02-03,45.90116730
2009-02-04,46.16989734
2009-02-05,46.83154416
2009-02-06,47.67887111
2009-02-09,47.99452467
2009-02-10,46.67576989
2009-02-11,46.67576989
2009-02-12,46.54860778
2009-02-13,46.35621056
2009-02-17,45.29459946
2009-02-18,45.57798779
2009-02-19,44.51624023
2009-02-20,44.70861497
2009-02-23,43.63306807
2009-02-24,44.88352369
2009-02-25,45.45077273
2009-02-26,44.94960818
2009-02-27,45.00734441
2009-03-02,44.33052706
2009-03-03,44.28334089
2009-03-04,45.23067359
2009-03-05,44.51009617
2009-03-06,44.70889952
2009-03-09,44.98913275
2009-03-10,47.62725926
2009-03-11,47.70163103
2009-03-12,48.73670342
2009-03-13,49.06578988
2009-03-16,48.27886384
2009-03-17,49.46779738
2009-03-18,50.07745386
2009-03-19,49.91555275
2009-03-20,49.02131415
2009-03-23,50.58573117
2009-03-24,49.66062087
2009-03-25,49.55441974
2009-03-26,51.11176944
2009-03-27,50.39356382
2009-03-30,49.16566873
2009-03-31,49.71673860
2009-04-01,49.71673860
2009-04-02,50.90327736
2009-04-03,51.33843156
2009-04-06,51.17260119
2009-04-07,50.41908746
2009-04-08,50.09021418
2009-04-09,51.36118570
2009-04-13,51.36118570
2009-04-14,51.41510957
2009-04-15,50.67336477
2009-04-16,51.16869475
2009-04-17,50.61425597
2009-04-20,49.48749608
2009-04-21,50.16356370
2009-04-22,50.74016650
2009-04-23,50.47232197
2009-04-24,50.64243301
2009-04-27,49.98373998
2009-04-28,49.54103352
2009-04-29,50.12620924
2009-04-30,50.95420911
2009-05-01,51.01183734
2009-05-04,52.61402848
2009-05-05,51.60569254
2009-05-06,51.52546230
2009-05-07,50.82326910
2009-05-08,49.87651721
2009-05-11,50.03407130
2009-05-12,49.71663721
2009-05-13,49.55697729
2009-05-14,50.38629902
2009-05-15,49.67818172
2009-05-18,50.34640670
2009-05-19,50.60881563
2009-05-20,50.46297155
2009-05-21,49.63287723
2009-05-22,49.36484370
2009-05-26,50.26708373
2009-05-27,50.22480877
2009-05-28,50.77143861
2009-05-29,50.77143861
2009-06-01,52.38941413
2009-06-02,51.70349366
2009-06-03,51.15492310
2009-06-04,51.55168887
2009-06-05,51.08587382
2009-06-08,51.08587382
2009-06-09,52.14779461
2009-06-10,52.23205179
2009-06-11,51.97643789
2009-06-12,51.88266331
2009-06-15,51.11005368
2009-06-16,50.83050062
2009-06-17,51.45967240
2009-06-18,50.82277297
2009-06-19,51.14122621
2009-06-22,50.36051382
2009-06-23,50.66185987
2009-06-24,51.33124565
2009-06-25,51.81206796
2009-06-26,51.76260806
2009-06-29,51.97216162
2009-06-30,52.36912389
2009-07-01,53.49436121
2009-07-02,52.66908458
2009-07-06,52.20895000
2009-07-07,51.47312450
2009-07-08,50.69739361
2009-07-09,50.89137053
2009-07-10,50.94038219
2009-07-13,52.03425304
2009-07-14,52.84112766
2009-07-15,55.56516084
2009-07-16,56.50631884
2009-07-17,57.10102878
2009-07-20,57.32581356
2009-07-21,57.32581356
2009-07-22,57.82318548
2009-07-23,58.51880447
2009-07-24,58.17487930
2009-07-27,58.40248151
2009-07-28,58.11051442
2009-07-29,58.17422264
2009-07-30,57.96530112
2009-07-31,57.72467684
2009-08-03,57.99035060
2009-08-04,57.83653825
2009-08-05,56.43786068
2009-08-06,55.95979463
2009-08-07,55.36441544
2009-08-10,55.98273804
2009-08-11,55.62155949
2009-08-12,56.02971395
2009-08-13,56.60200622
2009-08-14,55.74235454
2009-08-17,54.77672121
2009-08-18,55.55861525
2009-08-19,55.63165355
2009-08-20,55.35445894
2009-08-21,55.80179185
2009-08-24,55.39467259
2009-08-25,56.24267399
2009-08-26,57.04761768
2009-08-27,57.14466604
2009-08-28,58.98024632
2009-08-31,59.13976284
2009-09-01,57.20324896
2009-09-02,56.42142940
2009-09-03,56.26522954
2009-09-04,56.79969073
2009-09-08,57.18615223
2009-09-09,57.49989195
2009-09-10,56.94567273
2009-09-11,56.13752219
2009-09-14,55.65620995
2009-09-15,56.13997731
2009-09-16,56.39427124
2009-09-17,55.60840636
2009-09-18,55.99763023
2009-09-21,55.93122770
2009-09-22,55.89756455
2009-09-23,56.82134428
2009-09-24,55.67086706
2009-09-25,55.10429144
2009-09-28,56.09206617
2009-09-29,55.22491598
2009-09-30,55.46695080
2009-10-01,53.28901621
2009-10-02,53.48282537
2009-10-05,53.84404492
2009-10-06,55.28186116
2009-10-07,55.59991645
2009-10-08,55.94466775
2009-10-09,56.70629031
2009-10-12,57.30088620
2009-10-13,57.53267904
2009-10-14,58.39914832
2009-10-15,57.83516696
2009-10-16,56.14858847
2009-10-19,56.74985533
2009-10-20,55.97042787
2009-10-21,54.90487257
2009-10-22,55.60235838
2009-10-23,54.48316018
2009-10-26,54.61958646
2009-10-27,54.32192974
2009-10-28,52.04928949
2009-10-29,52.58838404
2009-10-30,52.24302775
2009-11-02,51.92815623
2009-11-03,50.35614116
2009-11-04,50.62404260
2009-11-05,51.50991894
2009-11-06,51.62744685
2009-11-09,53.15531545
2009-11-10,53.26845808
2009-11-11,54.22291332
2009-11-12,53.69872914
2009-11-13,54.09311409
2009-11-16,55.22741631
2009-11-17,55.47270038
2009-11-18,54.79518635
2009-11-19,52.14328223
2009-11-20,51.95642189
2009-11-23,52.41823754
2009-11-24,52.38627011
2009-11-25,52.22455478
2009-11-27,51.48206968
2009-11-30,51.75466492
2009-12-01,53.12187115
2009-12-02,53.29719547
2009-12-03,53.73653119
2009-12-04,55.41208206
2009-12-07,55.10290333
2009-12-08,53.81525923
2009-12-09,53.87287699
2009-12-10,54.27839556
2009-12-11,53.42655773
2009-12-14,53.66290040
2009-12-15,53.04773913
2009-12-16,51.64476740
2009-12-17,50.64078329
2009-12-18,52.34062771
2009-12-21,53.67167183
2009-12-22,53.50670816
2009-12-23,53.68021866
2009-12-24,54.34358655
2009-12-28,54.24067732
2009-12-29,54.53215973
2009-12-30,55.08425498
2009-12-31,54.41321643
2010-01-04,55.79491199
2010-01-05,55.75916036
2010-01-06,55.50624584
2010-01-07,54.78518577
2010-01-08,55.46096339
2010-01-11,55.81093137
2010-01-12,54.57690669
2010-01-13,55.60321103
2010-01-14,57.06694858
2010-01-15,54.67295513
2010-01-19,55.37200716
2010-01-20,55.45573560
2010-01-21,54.62310774
2010-01-22,51.57554020
2010-01-25,52.75575256
2010-01-26,51.75585758
2010-01-27,52.44244950
2010-01-28,51.45088926
2010-01-29,49.89395312
2010-02-01,50.50822739
2010-02-02,51.37315567
2010-02-03,50.68346430
2010-02-04,48.77507922
2010-02-05,50.07675704
2010-02-08,49.73447884
2010-02-09,50.59194660
2010-02-10,50.70582103
2010-02-11,51.75050085
2010-02-12,52.76714431
2010-02-16,53.54629808
2010-02-17,53.36133436
2010-02-18,53.84709023
2010-02-19,53.78387599
2010-02-22,53.92122820
2010-02-23,52.40279967
2010-02-24,53.26602101
2010-02-25,53.04538940
2010-02-26,52.72852217
2010-03-01,53.68391616
2010-03-02,53.13853978
2010-03-03,52.56428806
2010-03-04,52.59319720
2010-03-05,53.34395704
2010-03-08,53.27803656
2010-03-09,53.77118875
2010-03-10,54.48865499
2010-03-11,54.66017152
2010-03-12,54.71794544
2010-03-15,54.36615507
2010-03-16,56.73896911
2010-03-17,57.35559342
2010-03-18,57.21156034
2010-03-19,56.45559982
2010-03-22,57.14032489
2010-03-23,58.28616973
2010-03-24,57.41603539
2010-03-25,57.12731547
2010-03-26,56.72894757
2010-03-29,56.97824160
2010-03-30,57.00619350
2010-03-31,56.81873320
2010-04-01,57.10525307
2010-04-05,57.67571054
2010-04-06,56.94502624
2010-04-07,57.09032120
2010-04-08,56.54765749
2010-04-09,57.25505486
2010-04-12,57.21564542
2010-04-13,57.89280189
2010-04-14,59.99000843
2010-04-15,61.79380750
2010-04-16,60.60453711
2010-04-19,60.80881792
2010-04-20,61.11598925
2010-04-21,59.84563166
2010-04-22,60.34271669
2010-04-23,60.47349702
2010-04-26,59.59526235
2010-04-27,57.77476410
2010-04-28,57.43355370
2010-04-29,58.07618748
2010-04-30,55.66411492
2010-05-03,56.84046964
2010-05-04,54.39735713
2010-05-05,53.10576412
2010-05-06,51.02351777
2010-05-07,50.41514042
2010-05-10,53.87799106
2010-05-11,53.05856009
2010-05-12,55.13749925
2010-05-13,53.38832693
2010-05-14,51.66720201
2010-05-17,52.00211938
2010-05-18,50.39258207
2010-05-19,50.83787007
2010-05-20,48.72153574
2010-05-21,49.04072385
2010-05-24,48.42840329
2010-05-25,48.91426898
2010-05-26,48.52733105
2010-05-27,51.29268302
2010-05-28,50.41041439
2010-06-01,49.79635736
2010-06-02,51.37544445
2010-06-03,51.59634149
2010-06-04,49.20021126
2010-06-07,47.68502816
2010-06-08,47.38398980
2010-06-09,46.80684794
2010-06-10,48.39016461
2010-06-11,48.61565487
2010-06-14,49.24131226
2010-06-15,50.68067096
2010-06-16,50.70473366
2010-06-17,50.77790518
2010-06-18,50.47354068
2010-06-21,49.94149354
2010-06-22,49.41248757
2010-06-23,48.98587523
2010-06-24,47.77832632
2010-06-25,47.08071804
2010-06-28,47.95888702
2010-06-29,46.60224493
2010-06-30,45.81707974
2010-07-01,45.36049788
2010-07-02,45.24601669
2010-07-06,46.02085461
2010-07-07,47.78962767
2010-07-08,47.69343456
2010-07-09,48.06504027
2010-07-12,48.93356268
2010-07-13,50.06440888
2010-07-14,50.94207066
2010-07-15,51.31452145
2010-07-16,50.05374706
2010-07-19,51.46266336
2010-07-20,51.60859863
2010-07-21,50.60417390
2010-07-22,51.87258724
2010-07-23,51.63949690
2010-07-26,51.68848769
2010-07-27,51.34508058
2010-07-28,50.68734942
2010-07-29,49.90817543
2010-07-30,48.81578426
2010-08-02,50.23090291
2010-08-03,49.52297232
2010-08-04,49.17105772
2010-08-05,49.01943915
2010-08-06,48.96832157
2010-08-09,48.96832157
2010-08-10,46.87582083
2010-08-11,45.93900994
2010-08-12,45.99522539
2010-08-13,45.27798756
2010-08-16,46.18705581
2010-08-17,46.35676286
2010-08-18,46.52802094
2010-08-19,44.85543062
2010-08-20,44.88459362
2010-08-23,44.38397573
2010-08-24,43.70036358
2010-08-25,43.91214329
2010-08-26,43.20474053
2010-08-27,43.78722606
2010-08-30,42.82466020
2010-08-31,42.15890246
2010-09-01,43.60207819
2010-09-02,44.02460141
2010-09-03,44.47723426
2010-09-07,43.73492887
2010-09-08,43.21507905
2010-09-09,43.52497410
2010-09-10,43.45271914
2010-09-13,45.26749969
2010-09-14,45.80641013
2010-09-15,45.75556780
2010-09-16,46.50926932
2010-09-17,46.09298276
2010-09-20,46.45802701
2010-09-21,47.09477056
2010-09-22,46.74525710
2010-09-23,46.66408839
2010-09-24,48.00885001
2010-09-27,47.51114242
2010-09-28,48.32723477
2010-09-29,47.57596966
2010-09-30,47.46495174
2010-10-01,47.83583698
2010-10-04,46.58330729
2010-10-05,47.45279330
2010-10-06,47.94454517
2010-10-07,48.22137340
2010-10-08,48.59158128
2010-10-11,48.71571241
2010-10-12,49.36761170
2010-10-13,47.80984851
2010-10-14,48.06109477
2010-10-15,48.06109477
2010-10-18,47.67638681
2010-10-19,47.74174084
2010-10-20,49.12931911
2010-10-21,49.50930172
2010-10-22,49.76337275
2010-10-25,49.85947019
2010-10-26,50.40544414
2010-10-27,50.88470885
2010-10-28,51.76833937
2010-10-29,50.38731004
2010-11-01,51.99754908
2010-11-02,51.25032435
2010-11-03,51.67959629
2010-11-04,53.14617823
2010-11-05,53.92872370
2010-11-08,53.89486424
2010-11-09,53.65536487
2010-11-10,53.24342299
2010-11-11,53.75427365
2010-11-12,54.70048269
2010-11-15,53.89551141
2010-11-16,53.10186561
2010-11-17,53.13234139
2010-11-18,52.92277266
2010-11-19,53.29694576
2010-11-22,53.63999585
2010-11-23,53.06419727
2010-11-24,54.00442088
2010-11-26,53.82192167
2010-11-29,53.78500139
2010-11-30,53.15544335
2010-12-01,54.18075747
2010-12-02,54.87046775
2010-12-03,54.83236428
2010-12-06,54.86419749
2010-12-07,54.39695123
2010-12-08,55.17241569
2010-12-09,55.13273829
2010-12-10,55.45803883
2010-12-13,53.83280765
2010-12-14,53.71582052
2010-12-15,52.97534357
2010-12-16,53.04453724
2010-12-17,53.59933127
2010-12-20,52.69042993
2010-12-21,52.18246614
2010-12-22,51.36996923
2010-12-23,51.17728433
2010-12-27,51.17728433
2010-12-28,51.32793557
2010-12-29,51.55567785
2010-12-30,51.86068918
2010-12-31,51.89914112
2011-01-03,51.15226589
2011-01-04,52.31387403
2011-01-05,51.44415176
2011-01-06,50.75045246
2011-01-07,50.30467492
2011-01-10,50.42529367
2011-01-11,51.84957944
2011-01-12,52.80588813
2011-01-13,52.76332470
2011-01-14,51.87140864
2011-01-18,51.87140864
2011-01-19,51.57166744
2011-01-20,51.31354262
2011-01-21,50.75452001
2011-01-24,52.45411820
2011-01-25,53.65318712
2011-01-26,54.40660927
2011-01-27,54.40660927
2011-01-28,53.11517815
2011-01-31,53.11517815
2011-02-01,53.19421654
2011-02-02,53.51256855
2011-02-03,53.55267932
2011-02-04,53.99608665
2011-02-07,54.03660376
2011-02-08,53.79601733
2011-02-09,52.93435091
2011-02-10,54.33745206
2011-02-11,54.14459142
2011-02-14,53.23307656
2011-02-15,52.66437681
2011-02-16,53.91446783
2011-02-17,54.80345011
2011-02-18,55.47746575
2011-02-22,53.89295537
2011-02-23,50.93779319
2011-02-24,51.51061199
2011-02-25,53.74376053
2011-02-28,52.07711520
2011-03-01,51.74282641
2011-03-02,52.13291177
2011-03-03,53.28349969
2011-03-04,52.30454073
2011-03-07,50.86036180
2011-03-08,50.53643896
2011-03-09,50.81482674
2011-03-10,49.16871084
2011-03-11,49.49294704
2011-03-14,49.37299739
2011-03-15,46.83679205
2011-03-16,45.50586385
2011-03-17,45.88575303
2011-03-18,46.01316268
2011-03-21,47.10928076
2011-03-22,46.96030022
2011-03-23,47.54990771
2011-03-24,47.92783017
2011-03-25,47.88889833
2011-03-28,47.77063932
2011-03-29,47.53222673
2011-03-30,48.31811987
2011-03-31,47.20113952
2011-04-01,45.44811862
2011-04-04,44.60684613
2011-04-05,45.58535489
2011-04-06,46.62991646
2011-04-07,46.97451340
2011-04-08,46.93603591
2011-04-11,47.37380064
2011-04-12,45.98670587
2011-04-13,46.07579671
2011-04-14,45.31668733
2011-04-15,46.08352446
2011-04-18,45.58703036
2011-04-19,46.66446195
2011-04-20,52.79537786
2011-04-21,52.97248010
2011-04-25,54.63208034
2011-04-26,56.39047385
2011-04-27,56.86216136
2011-04-28,57.39262031
2011-04-29,58.46070637
2011-05-02,57.45760623
2011-05-03,58.42365415
2011-05-04,59.21725185
2011-05-05,59.53683231
2011-05-06,58.02548946
2011-05-09,56.05831416
2011-05-10,56.87647960
2011-05-11,57.99442806
2011-05-12,58.84979087
2011-05-13,57.65736435
2011-05-16,58.31503083
2011-05-17,57.95727582
2011-05-18,58.89632996
2011-05-19,57.55124320
2011-05-20,56.32168963
2011-05-23,54.97961937
2011-05-24,54.07088622
2011-05-25,54.28575406
2011-05-26,53.63050071
2011-05-27,52.59177337
2011-05-31,53.53725088
2011-06-01,51.75515145
2011-06-02,52.04127212
2011-06-03,50.81693744
2011-06-06,51.14122160
2011-06-07,51.88231714
2011-06-08,51.06150816
2011-06-09,50.85721655
2011-06-10,49.58124444
2011-06-13,49.61503055
2011-06-14,51.04762329
2011-06-15,49.71223087
2011-06-16,49.71223087
2011-06-17,48.95270461
2011-06-20,49.43034593
2011-06-21,50.50543657
2011-06-22,49.66761447
2011-06-23,50.69760996
2011-06-24,49.02144977
2011-06-27,49.48705789
2011-06-28,49.98415403
2011-06-29,49.65330312
2011-06-30,52.13114375
2011-07-01,53.25391838
2011-07-05,52.94711873
2011-07-06,53.87667371
2011-07-07,55.26642411
2011-07-08,54.77750321
2011-07-11,53.94658594
2011-07-12,52.59609976
2011-07-13,52.68631797
2011-07-14,51.98294307
2011-07-15,52.29098363
2011-07-18,51.98614393
2011-07-19,54.32963633
2011-07-20,54.08901299
2011-07-21,53.47052416
2011-07-22,54.41172946
2011-07-25,54.06463777
2011-07-26,53.61308218
2011-07-27,52.34923232
2011-07-28,52.41081412
2011-07-29,51.66480388
2011-08-01,51.36105617
2011-08-02,49.64821567
2011-08-03,49.94166363
2011-08-04,46.97579423
2011-08-05,46.79937914
2011-08-08,44.86018651
2011-08-09,46.48308586
2011-08-10,44.65777690
2011-08-11,47.26327787
2011-08-12,46.96565725
2011-08-15,47.69549845
2011-08-16,47.41935036
2011-08-17,47.08707867
2011-08-18,44.70120212
2011-08-19,43.26632616
2011-08-22,43.86581041
2011-08-23,44.89297986
2011-08-24,45.17087943
2011-08-25,44.21473975
2011-08-26,45.29788301
2011-08-29,46.88398927
2011-08-30,46.72821001
2011-08-31,46.44088623
2011-09-01,46.07468776
2011-09-02,45.17031623
2011-09-06,44.91450095
2011-09-07,46.57394078
2011-09-08,46.10375075
2011-09-09,45.58443003
2011-09-12,47.33178659
2011-09-13,48.71594697
2011-09-14,49.72243547
2011-09-15,50.86504027
2011-09-16,51.99931888
2011-09-19,51.88615790
2011-09-20,52.59343113
2011-09-21,51.84802872
2011-09-22,50.94547122
2011-09-23,52.36659091
2011-09-26,52.57332147
2011-09-27,53.34451227
2011-09-28,52.67754132
2011-09-29,52.38830469
2011-09-30,49.96426659
2011-10-03,48.09383831
2011-10-04,49.68790055
2011-10-05,51.28336973
2011-10-06,51.72757343
2011-10-07,52.36475781
2011-10-10,53.77109723
2011-10-11,54.02809758
2011-10-12,54.33282235
2011-10-13,54.96252647
2011-10-14,55.21803475
2011-10-17,54.58897291
2011-10-18,54.87376753
2011-10-19,56.79991736
2011-10-20,55.01134223
2011-10-21,55.95051000
2011-10-24,57.16151407
2011-10-25,57.24677869
2011-10-26,57.39749648
2011-10-27,58.31429150
2011-10-28,57.87305761
2011-10-31,56.59724796
2011-11-01,54.81220340
2011-11-02,54.67537751
2011-11-03,55.46572497
2011-11-04,54.20407558
2011-11-07,55.41325007
2011-11-08,56.43016315
2011-11-09,54.00794364
2011-11-10,54.48761576
2011-11-11,56.15531939
2011-11-14,55.57930571
2011-11-15,57.02419190
2011-11-16,55.98227715
2011-11-17,54.46618209
2011-11-18,54.34162993
2011-11-21,52.58299848
2011-11-22,51.80261497
2011-11-23,50.55567640
2011-11-25,50.62273702
2011-11-28,52.22416821
2011-11-29,52.48146849
2011-11-30,55.19749768
2011-12-01,55.21704404
2011-12-02,54.54037742
2011-12-05,55.27593982
2011-12-06,55.94126675
2011-12-07,56.53995429
2011-12-08,54.24576219
2011-12-09,54.83355232
2011-12-12,52.52627592
2011-12-13,51.56624673
2011-12-14,51.02805556
2011-12-15,51.02805556
2011-12-16,50.85287019
2011-12-19,50.56635828
2011-12-20,52.12573508
2011-12-21,51.76714004
2011-12-22,52.47278585
2011-12-23,53.24916029
2011-12-27,53.57347162
2011-12-28,52.80613516
2011-12-29,53.46259414
2011-12-30,52.76377867
2012-01-03,53.36227694
2012-01-04,54.51277510
2012-01-05,55.08529707
2012-01-06,54.72346716
2012-01-09,55.16217574
2012-01-10,55.40157347
2012-01-11,55.82080989
2012-01-12,55.69421184
2012-01-13,54.17188663
2012-01-17,53.92647589
2012-01-18,54.65667385
2012-01-19,55.15168431
2012-01-20,56.65357289
2012-01-23,57.29268914
2012-01-24,57.65775879
2012-01-25,57.65775879
2012-01-26,57.25917400
2012-01-27,57.20562224
2012-01-30,57.22593704
2012-01-31,56.35647018
2012-02-01,56.62835778
2012-02-02,56.46347529
2012-02-03,56.99338901
2012-02-06,56.93707821
2012-02-07,56.70946661
2012-02-08,57.16597927
2012-02-09,57.18781575
2012-02-10,56.71800305
2012-02-13,56.71800305
2012-02-14,56.90061496
2012-02-15,56.29751874
2012-02-16,56.87776471
2012-02-17,58.09823250
2012-02-21,57.45595854
2012-02-22,56.16473457
2012-02-23,55.95682116
2012-02-24,56.05124281
2012-02-27,56.50110831
2012-02-28,57.31849848
2012-02-29,56.21500124
2012-03-01,56.15400916
2012-03-02,56.29848942
2012-03-05,55.12996403
2012-03-06,55.30352961
2012-03-07,56.04361916
2012-03-08,55.82456675
2012-03-09,56.39333830
2012-03-12,56.13800378
2012-03-13,57.36340320
2012-03-14,57.26590771
2012-03-15,57.96725723
2012-03-16,57.90069809
2012-03-19,57.92523106
2012-03-20,57.95011811
2012-03-21,58.02576716
2012-03-22,58.33030016
2012-03-23,58.25874842
2012-03-26,59.04948447
2012-03-27,59.04948447
2012-03-28,57.63269887
2012-03-29,58.56472587
2012-03-30,58.41970322
2012-04-02,59.08850791
2012-04-03,58.10283466
2012-04-04,57.45390555
2012-04-05,57.82598135
2012-04-09,56.71065131
2012-04-10,55.62108953
2012-04-11,56.71101457
2012-04-12,58.34736929
2012-04-13,56.99287234
2012-04-16,57.80906863
2012-04-17,57.96099530
2012-04-18,56.18029843
2012-04-19,55.31728007
2012-04-20,55.02013739
2012-04-23,54.52437981
2012-04-24,54.06261166
2012-04-25,55.56412898
2012-04-26,56.50912802
2012-04-27,56.92265125
2012-04-30,56.97459005
2012-05-01,58.37620831
2012-05-02,58.94424272
2012-05-03,56.82127303
2012-05-04,54.69162658
2012-05-07,54.25355719
2012-05-08,53.05132827
2012-05-09,52.50593503
2012-05-10,52.64328143
2012-05-11,53.70389685
2012-05-14,51.85888762
2012-05-15,51.44689701
2012-05-16,50.34434391
2012-05-17,49.46601243
2012-05-18,49.12903258
2012-05-21,49.36259715
2012-05-22,49.01972763
2012-05-23,47.37648578
2012-05-24,48.00653998
2012-05-25,48.27609537
2012-05-29,49.31397377
2012-05-30,49.43174727
2012-05-31,48.60021655
2012-06-01,46.67537197
2012-06-04,46.40869662
2012-06-05,47.59467311
2012-06-06,49.45880705
2012-06-07,49.09850777
2012-06-08,50.42460760
2012-06-11,49.25987888
2012-06-12,50.71877286
2012-06-13,50.77302098
2012-06-14,51.95466780
2012-06-15,52.89426663
2012-06-18,53.10126801
2012-06-19,53.33556751
2012-06-20,53.67508005
2012-06-21,50.98015138
2012-06-22,51.59065164
2012-06-25,49.18338045
2012-06-26,49.07885069
2012-06-27,49.64944481
2012-06-28,48.62180755
2012-06-29,50.79653518
2012-07-02,50.84807182
2012-07-03,51.33983197
2012-07-05,50.50255696
2012-07-06,49.47168956
2012-07-09,49.49853455
2012-07-10,47.92121290
2012-07-11,47.49285385
2012-07-12,45.89959568
2012-07-13,47.30820877
2012-07-16,47.01567102
2012-07-17,47.69995442
2012-07-18,49.88243313
2012-07-19,49.50326802
2012-07-20,48.16468731
2012-07-23,47.53612513
2012-07-24,46.93792918
2012-07-25,47.26146232
2012-07-26,48.24957653
2012-07-27,49.59749918
2012-07-30,48.95004720
2012-07-31,48.80074086
2012-08-01,49.40160624
2012-08-02,49.35045666
2012-08-03,50.18853330
2012-08-06,50.39692708
2012-08-07,50.89250044
2012-08-08,51.15336287
2012-08-09,51.41548237
2012-08-10,51.88745812
2012-08-13,51.35264831
2012-08-14,50.76528138
2012-08-15,50.18233472
2012-08-16,51.05221430
2012-08-17,50.32705399
2012-08-20,50.04935267
2012-08-21,49.71502287
2012-08-22,48.66940463
2012-08-23,46.85216468
2012-08-24,46.51979177
2012-08-27,46.34001365
2012-08-28,46.81713204
2012-08-29,45.96109355
2012-08-30,44.94930239
2012-08-31,46.62015914
2012-09-04,45.59122665
2012-09-05,45.51657010
2012-09-06,47.57977395
2012-09-07,45.34456427
2012-09-10,43.23632198
2012-09-11,43.46596077
2012-09-12,43.13366649
2012-09-13,43.62970776
2012-09-14,43.65906877
2012-09-17,43.52092922
2012-09-18,43.70184279
2012-09-19,43.18670199
2012-09-20,43.27929917
2012-09-21,43.16022371
2012-09-24,42.37867145
2012-09-25,41.77338156
2012-09-26,42.12854853
2012-09-27,43.52794858
2012-09-28,42.50772689
2012-10-01,42.82424835
2012-10-02,43.07886722
2012-10-03,42.38396582
2012-10-04,42.19327665
2012-10-05,42.87843243
2012-10-08,42.46462413
2012-10-09,41.02187731
2012-10-10,40.69955962
2012-10-11,40.51481246
2012-10-12,40.05317778
2012-10-15,40.90796290
2012-10-16,42.95667387
2012-10-17,41.63259411
2012-10-18,41.35516993
2012-10-19,40.44282138
2012-10-22,41.07000125
2012-10-23,41.49811250
2012-10-24,41.19417145
2012-10-25,41.95804480
2012-10-26,42.81092720
2012-10-31,42.03876280
2012-11-01,44.05633007
2012-11-02,43.56736706
2012-11-05,43.03378751
2012-11-06,42.76780067
2012-11-07,40.85592281
2012-11-08,40.67575039
2012-11-09,40.60754493
2012-11-12,40.53851208
2012-11-13,39.42662550
2012-11-14,38.72218643
2012-11-15,38.96447207
2012-11-16,39.51958594
2012-11-19,39.72835678
2012-11-20,38.08173853
2012-11-21,37.75955067
2012-11-23,39.01715830
2012-11-26,39.60245216
2012-11-27,39.74066423
2012-11-28,40.29569216
2012-11-29,39.01819961
2012-11-30,39.15812535
2012-12-03,39.08980471
2012-12-04,40.59856410
2012-12-05,40.31552470
2012-12-06,41.38764333
2012-12-07,41.38764333
2012-12-10,41.19068447
2012-12-11,43.14847054
2012-12-12,43.21583563
2012-12-13,42.75278021
2012-12-14,42.89089086
2012-12-17,43.03047210
2012-12-18,44.37672294
2012-12-19,44.85185605
2012-12-20,44.65814540
2012-12-21,43.94221375
2012-12-24,43.58737045
2012-12-26,43.62294073
2012-12-27,43.23535490
2012-12-28,42.46889873
2012-12-31,43.87635604
2013-01-02,46.46828908
2013-01-03,46.29685610
2013-01-04,45.83884010
2013-01-07,46.14322660
2013-01-08,45.67970330
2013-01-09,46.89865429
2013-01-10,48.04973847
2013-01-11,48.69518411
2013-01-14,48.69518411
2013-01-15,48.32360548
2013-01-16,49.07997404
2013-01-17,50.88920532
2013-01-18,46.66458034
2013-01-22,46.44550499
2013-01-23,46.28000919
2013-01-24,45.83765005
2013-01-25,45.87048544
2013-01-28,46.16884584
2013-01-29,46.92811206
2013-01-30,47.22394165
2013-01-31,46.26360964
2013-02-01,47.31868909
2013-02-04,46.73620285
2013-02-05,46.80271082
2013-02-06,46.24556531
2013-02-07,45.72187283
2013-02-08,46.37290858
2013-02-11,46.47586250
2013-02-12,47.02671232
2013-02-13,47.23353537
2013-02-14,47.17118513
2013-02-15,46.82590939
2013-02-19,46.73116005
2013-02-20,45.60651107
2013-02-21,44.16711093
2013-02-22,44.79384493
2013-02-25,44.23027110
2013-02-26,45.51282203
2013-02-27,46.75641081
2013-02-28,46.60208737
2013-03-01,47.13373161
2013-03-04,47.97541970
2013-03-05,48.80326649
2013-03-06,49.61751016
2013-03-07,50.08780035
2013-03-08,49.05797250
2013-03-11,49.43266283
2013-03-12,49.26537583
2013-03-13,49.33503105
2013-03-14,49.30066073
2013-03-15,48.37647092
2013-03-18,47.97056174
2013-03-19,47.56521677
2013-03-20,47.71478806
2013-03-21,47.23584061
2013-03-22,48.32703764
2013-03-25,47.70511200
2013-03-26,49.95797969
2013-03-27,50.16897326
2013-03-28,50.20451237
2013-04-01,48.75655126
2013-04-02,48.86614330
2013-04-03,47.45732695
2013-04-04,47.79288530
2013-04-05,47.11380583
2013-04-08,47.68007195
2013-04-09,50.06918065
2013-04-10,51.79663183
2013-04-11,50.30627284
2013-04-12,49.79862457
2013-04-15,48.79836919
2013-04-16,50.61188459
2013-04-17,50.64476290
2013-04-18,51.65799011
2013-04-19,52.29964144
2013-04-22,53.67354233
2013-04-23,55.16397895
2013-04-24,55.96965321
2013-04-25,54.96650766
2013-04-26,55.02498776
2013-04-29,56.06787861
2013-04-30,56.60722988
2013-05-01,56.72083425
2013-05-02,57.06334561
2013-05-03,56.49572617
2013-05-06,56.30611964
2013-05-07,57.00950519
2013-05-08,57.30038855
2013-05-09,57.62074230
2013-05-10,58.02777524
2013-05-13,56.37793049
2013-05-14,55.46275593
2013-05-15,56.53757318
2013-05-16,55.55417141
2013-05-17,55.85411809
2013-05-20,55.97481516
2013-05-21,56.18771960
2013-05-22,55.87408837
2013-05-23,55.79500806
2013-05-24,55.27854864
2013-05-28,55.79008196
2013-05-29,56.39166357
2013-05-30,56.14662370
2013-05-31,56.37125996
2013-06-03,59.27670996
2013-06-04,59.61811879
2013-06-05,56.95109774
2013-06-06,56.75574202
2013-06-07,56.51946147
2013-06-10,57.76936699
2013-06-11,56.58925548
2013-06-12,55.62749783
2013-06-13,57.19391433
2013-06-14,56.92436006
2013-06-17,57.44810894
2013-06-18,58.50148954
2013-06-19,56.69094218
2013-06-20,53.77776662
2013-06-21,53.80752937
2013-06-24,51.71086125
2013-06-25,52.61817855
2013-06-26,53.00678070
2013-06-27,53.12691108
2013-06-28,53.66823308
2013-07-01,52.50498774
2013-07-02,51.93337398
2013-07-03,52.05810447
2013-07-05,52.98734072
2013-07-08,50.12577407
2013-07-09,49.96825671
2013-07-10,50.31708927
2013-07-11,52.57619349
2013-07-12,52.28254341
2013-07-15,52.40254485
2013-07-16,53.32639871
2013-07-17,52.98943593
2013-07-18,50.06559441
2013-07-19,49.45646798
2013-07-22,48.64498930
2013-07-23,48.58501649
2013-07-24,49.15796433
2013-07-25,49.57016983
2013-07-26,50.20103522
2013-07-29,50.13733489
2013-07-30,50.58312719
2013-07-31,50.45224061
2013-08-01,49.99240495
2013-08-02,50.05844073
2013-08-05,49.07116975
2013-08-06,48.68112174
2013-08-07,48.35582457
2013-08-08,47.54906566
2013-08-09,47.76149919
2013-08-12,48.22296171
2013-08-13,47.82687639
2013-08-14,48.00759403
2013-08-15,46.25037738
2013-08-16,45.87142652
2013-08-19,47.22550284
2013-08-20,48.08112447
2013-08-21,46.95361885
2013-08-22,47.27650996
2013-08-23,47.92043232
2013-08-26,47.36554875
2013-08-27,47.10486535
2013-08-28,47.47188678
2013-08-29,46.71471505
2013-08-30,46.45298244
2013-09-03,46.79359400
2013-09-04,48.88499575
2013-09-05,48.74842975
2013-09-06,49.00165405
2013-09-09,49.86422053
2013-09-10,50.11415949
2013-09-11,49.50542792
2013-09-12,48.86711086
2013-09-13,51.71264633
2013-09-16,51.53284931
2013-09-17,52.70192988
2013-09-18,53.22575679
2013-09-19,53.25861617
2013-09-20,52.73188707
2013-09-23,52.17043127
2013-09-24,52.44469994
2013-09-25,52.44469994
2013-09-26,51.34380953
2013-09-27,49.77049067
2013-09-30,49.55529432
2013-10-01,49.23100970
2013-10-02,49.45495901
2013-10-03,48.40676153
2013-10-04,49.19864750
2013-10-07,49.27396028
2013-10-08,48.00903151
2013-10-09,48.43159341
2013-10-10,50.33243604
2013-10-11,50.90900003
2013-10-14,51.58680953
2013-10-15,51.35936858
2013-10-16,52.45920622
2013-10-17,53.22157407
2013-10-18,53.06443463
2013-10-21,53.96176435
2013-10-22,53.68114112
2013-10-23,52.37697368
2013-10-24,52.51898466
2013-10-25,54.11698292
2013-10-28,54.52250471
2013-10-29,55.06035041
2013-10-30,54.97780467
2013-10-31,54.85252188
2013-11-01,54.26644048
2013-11-04,53.97358786
2013-11-05,53.01879550
2013-11-06,53.81253845
2013-11-07,53.02672564
2013-11-08,53.13647041
2013-11-11,53.43112715
2013-11-12,54.37795896
2013-11-13,54.98572486
2013-11-14,54.08182815
2013-11-15,54.55155629
2013-11-18,54.84028493
2013-11-19,55.20159588
2013-11-20,54.58068086
2013-11-21,56.93507320
2013-11-22,51.43814533
2013-11-25,50.99691665
2013-11-26,50.62935572
2013-11-27,51.51661742
2013-11-29,51.29193110
2013-12-02,50.76722064
2013-12-03,50.20829803
2013-12-04,50.90365793
2013-12-05,52.73826545
2013-12-06,54.59403896
2013-12-09,54.94695993
2013-12-10,54.51660501
2013-12-11,52.98400586
2013-12-12,53.15120457
2013-12-13,52.46897643
2013-12-16,53.01344871
2013-12-17,53.72012642
2013-12-18,55.31285818
2013-12-19,55.27342629
2013-12-20,54.95514596
2013-12-23,55.79534055
2013-12-24,56.14680948
2013-12-26,56.99912857
2013-12-27,56.58543570
2013-12-30,57.37100404
2013-12-31,57.71293481
2014-01-02,56.99537003
2014-01-03,56.95306474
2014-01-06,55.61151781
2014-01-07,56.03877165
2014-01-08,55.37255283
2014-01-09,54.87561058
2014-01-10,55.61726331
2014-01-13,55.49094861
2014-01-14,58.69819508
2014-01-15,59.17154136
2014-01-16,58.61718591
2014-01-17,55.79915255
2014-01-21,54.79108855
2014-01-22,53.72941204
2014-01-23,53.05816740
2014-01-24,51.88774034
2014-01-27,51.56283652
2014-01-28,52.17117538
2014-01-29,51.37030878
2014-01-30,51.57620593
2014-01-31,50.84737414
2014-02-03,48.78201666
2014-02-04,48.34259172
2014-02-05,47.34307660
2014-02-06,49.02020947
2014-02-07,49.78060525
2014-02-10,50.05573704
2014-02-11,50.67325835
2014-02-12,50.94702929
2014-02-13,51.46006145
2014-02-14,51.66542224
2014-02-18,51.66542224
2014-02-19,50.70651156
2014-02-20,51.54954979
2014-02-21,50.38270967
2014-02-24,51.12013341
2014-02-25,51.08342266
2014-02-26,51.71740896
2014-02-27,51.56657229
2014-02-28,51.56657229
2014-03-03,50.57752132
2014-03-04,50.98150798
2014-03-05,50.56175094
2014-03-06,51.04553812
2014-03-07,51.08293583
2014-03-10,51.83040162
2014-03-11,51.39175150
2014-03-12,51.50543272
2014-03-13,50.74210166
2014-03-14,50.46226510
2014-03-17,51.24253461
2014-03-18,51.70606681
2014-03-19,52.47093016
2014-03-20,53.98814900
2014-03-21,52.90054222
2014-03-24,52.69321823
2014-03-25,53.93991990
2014-03-26,53.60234516
2014-03-27,53.30587829
2014-03-28,54.43927729
2014-03-31,55.11741269
2014-04-01,55.75111806
2014-04-02,55.31048229
2014-04-03,57.10111057
2014-04-04,56.00539249
2014-04-07,57.10878476
2014-04-08,58.45561110
2014-04-09,58.67526326
2014-04-10,56.29990670
2014-04-11,55.26702507
2014-04-14,56.49904435
2014-04-15,57.16125889
2014-04-16,57.66000863
2014-04-17,58.00142986
2014-04-21,57.61536760
2014-04-22,57.14322746
2014-04-23,56.75674541
2014-04-24,56.75674541
2014-04-25,54.67986111
2014-04-28,54.91920466
2014-04-29,55.43145885
2014-04-30,56.14009792
2014-05-01,55.12279299
2014-05-02,54.95422618
2014-05-05,53.94892219
2014-05-06,54.05562761
2014-05-07,54.66023376
2014-05-08,54.53161368
2014-05-09,54.35840387
2014-05-12,54.61462389
2014-05-13,54.90842979
2014-05-14,54.37220146
2014-05-15,52.97116716
2014-05-16,52.16066905
2014-05-19,53.00625347
2014-05-20,53.00625347
2014-05-21,53.62122253
2014-05-22,53.39943255
2014-05-23,53.94118860
2014-05-27,55.51683133
2014-05-28,56.13372576
2014-05-29,56.42256174
2014-05-30,57.69563335
2014-06-02,57.41172858
2014-06-03,58.78491061
2014-06-04,58.49756766
2014-06-05,58.70258516
2014-06-06,60.39168776
2014-06-09,59.13927999
2014-06-10,60.20315642
2014-06-11,58.74390829
2014-06-12,58.84195727
2014-06-13,64.32453776
2014-06-16,64.67483682
2014-06-17,64.39960097
2014-06-18,64.30694602
2014-06-19,64.71935078
2014-06-20,65.00170668
2014-06-23,65.07911525
2014-06-24,65.77114527
2014-06-25,66.71401813
2014-06-26,66.22645092
2014-06-27,66.59834208
2014-06-30,66.44971479
2014-07-01,66.65128039
2014-07-02,66.65128039
2014-07-03,67.05954695
2014-07-07,66.49117900
2014-07-08,65.26540103
2014-07-09,65.53427493
2014-07-10,66.50851445
2014-07-11,66.45695014
2014-07-14,67.07909055
2014-07-15,67.63790211
2014-07-16,73.69758198
2014-07-17,69.43103692
2014-07-18,69.43103692
2014-07-21,70.10747935
2014-07-22,71.41038274
2014-07-23,70.17628357
2014-07-24,69.13028535
2014-07-25,69.13028535
2014-07-28,69.04536108
2014-07-29,68.87349513
2014-07-30,69.18509408
2014-07-31,67.22020312
2014-08-01,66.59385019
2014-08-04,67.23467899
2014-08-05,62.41018556
2014-08-06,62.47687826
2014-08-07,61.84533957
2014-08-08,61.54797800
2014-08-11,62.50911966
2014-08-12,62.75674467
2014-08-13,64.83675260
2014-08-14,64.23575265
2014-08-15,64.71328898
2014-08-18,65.20565525
2014-08-19,64.93725212
2014-08-20,65.26912621
2014-08-21,66.57449571
2014-08-22,65.76344779
2014-08-25,65.26358123
2014-08-26,65.22484065
2014-08-27,65.18555751
2014-08-28,64.63197061
2014-08-29,65.21066114
2014-09-02,63.83554402
2014-09-03,63.83554402
2014-09-04,64.58388938
2014-09-05,64.77982286
2014-09-08,65.49079114
2014-09-09,63.82538447
2014-09-10,64.06843185
2014-09-11,64.06843185
2014-09-12,62.49351677
2014-09-15,62.18303479
2014-09-16,63.09096378
2014-09-17,63.20598614
2014-09-18,63.64325342
2014-09-19,62.25898045
2014-09-22,61.82970997
2014-09-23,60.70893637
2014-09-24,61.51516964
2014-09-25,59.23335368
2014-09-26,59.53325414
2014-09-29,61.08399367
2014-09-30,60.78825251
2014-10-01,57.83768966
2014-10-02,56.26698372
2014-10-03,57.53781896
2014-10-06,57.73349653
2014-10-07,55.64989066
2014-10-08,57.59287540
2014-10-09,55.58342200
2014-10-10,50.84361344
2014-10-13,49.73527790
2014-10-14,51.37455715
2014-10-15,49.27942552
2014-10-16,48.27958179
2014-10-17,49.56065773
2014-10-20,50.03497556
2014-10-21,52.37733013
2014-10-22,51.56686710
2014-10-23,52.48919154
2014-10-24,53.53758672
2014-10-27,53.58005116
2014-10-28,54.71494375
2014-10-29,55.08667322
2014-10-30,51.86752032
2014-10-31,54.73451534
2014-11-03,55.30180239
2014-11-04,55.73376278
2014-11-05,53.93839370
2014-11-06,54.05402773
2014-11-07,53.50834106
2014-11-10,52.78670044
2014-11-11,52.88753499
2014-11-12,53.03016122
2014-11-13,53.64103638
2014-11-14,54.18568145
2014-11-17,54.76540121
2014-11-18,55.68832120
2014-11-19,54.81823878
2014-11-20,57.79478644
2014-11-21,56.93761975
2014-11-24,58.09484444
2014-11-25,58.21579816
2014-11-26,59.20664395
2014-11-28,59.79101212
2014-12-01,59.59283213
2014-12-02,60.31094978
2014-12-03,59.88362897
2014-12-04,59.93450635
2014-12-05,60.29253606
2014-12-08,59.09223491
2014-12-09,58.31454520
2014-12-10,57.15628117
2014-12-11,57.66505754
2014-12-12,56.52081608
2014-12-15,55.77937324
2014-12-16,54.92952213
2014-12-17,56.20947339
2014-12-18,57.61184498
2014-12-19,56.09152807
2014-12-22,57.56140831
2014-12-23,57.93596991
2014-12-24,57.95310008
2014-12-26,58.14355078
2014-12-29,57.25757311
2014-12-30,56.26907645
2014-12-31,55.18627101
2015-01-02,55.31633759
2015-01-05,54.37749443
2015-01-06,52.88772138
2015-01-07,54.29240614
2015-01-08,55.51213023
2015-01-09,55.63774419
2015-01-12,55.27542616
2015-01-13,55.04788197
2015-01-14,54.70479975
2015-01-15,54.33792800
2015-01-16,54.83779763
2015-01-20,54.00640380
2015-01-21,54.76103326
2015-01-22,55.57720121
2015-01-23,54.50874951
2015-01-26,53.06716348
2015-01-27,49.68883322
2015-01-28,48.88883756
2015-01-29,49.75058075
2015-01-30,47.53578921
2015-02-02,48.74404217
2015-02-03,48.84212012
2015-02-04,48.65300692
2015-02-05,49.33045326
2015-02-06,48.11681321
2015-02-09,47.43164541
2015-02-10,48.96757194
2015-02-11,48.68612894
2015-02-12,49.81876159
2015-02-13,50.26092593
2015-02-17,50.98562237
2015-02-18,50.06923782
2015-02-19,49.95282996
2015-02-20,50.34366460
2015-02-23,49.07857476
2015-02-24,50.34583442
2015-02-25,49.46111704
2015-02-26,48.89203429
2015-02-27,48.14194855
2015-03-02,49.72813619
2015-03-03,49.80513304
2015-03-04,49.84414764
2015-03-05,49.08854538
2015-03-06,48.06392554
2015-03-09,47.19316934
2015-03-10,45.38103947
2015-03-11,46.66570821
2015-03-12,44.10689470
2015-03-13,44.37012546
2015-03-16,44.20747295
2015-03-17,43.81595914
2015-03-18,44.44062915
2015-03-19,44.19112677
2015-03-20,45.37473285
2015-03-23,45.18690473
2015-03-24,44.48973458
2015-03-25,43.01031349
2015-03-26,43.41376245
2015-03-27,47.24660907
2015-03-30,46.34982996
2015-03-31,46.03756924
2015-04-01,45.28735209
2015-04-02,45.28735209
2015-04-06,45.74335450
2015-04-07,46.17911984
2015-04-08,46.27871086
2015-04-09,46.15726761
2015-04-10,47.53557988
2015-04-13,47.18003610
2015-04-14,46.75384317
2015-04-15,49.34843145
2015-04-16,49.42314294
2015-04-17,48.69363428
2015-04-20,49.18875056
2015-04-21,48.63870217
2015-04-22,49.15837739
2015-04-23,48.51214860
2015-04-24,48.01760092
2015-04-27,48.84154615
2015-04-28,49.84126550
2015-04-29,49.59518515
2015-04-30,48.95318601
2015-05-01,50.61455877
2015-05-04,50.63331881
2015-05-05,49.13601804
2015-05-06,48.36378934
2015-05-07,48.40300940
2015-05-08,49.49386033
2015-05-11,49.28598410
2015-05-12,48.45914381
2015-05-13,49.22594927
2015-05-14,49.86692906
2015-05-15,49.90585669
2015-05-18,50.72190616
2015-05-19,50.20767803
2015-05-20,50.63774431
2015-05-21,50.98950817
2015-05-22,50.78531250
2015-05-26,50.07249431
2015-05-27,51.28285452
2015-05-28,51.86569820
2015-05-29,52.72730219
2015-06-01,51.58119245
2015-06-02,50.28932511
2015-06-03,49.23268467
2015-06-04,48.42889239
2015-06-05,47.54663758
2015-06-08,46.55693870
2015-06-09,46.46598538
2015-06-10,47.65010846
2015-06-11,47.71193137
2015-06-12,46.72191525
2015-06-15,46.86979412
2015-06-16,47.39937219
2015-06-17,48.05148021
2015-06-18,48.94318213
2015-06-19,48.33568750
2015-06-22,48.73179917
2015-06-23,48.39462655
2015-06-24,48.03720589
2015-06-25,48.20986140
2015-06-26,46.31480170
2015-06-29,45.14424541
2015-06-30,45.21121722
2015-07-01,44.76716068
2015-07-02,45.62595333
2015-07-06,44.66085713
2015-07-07,44.40402824
2015-07-08,43.67521855
2015-07-09,42.66182201
2015-07-10,43.22516126
2015-07-13,44.51696488
2015-07-14,44.37048764
2015-07-15,44.46328573
2015-07-16,44.95289318
2015-07-17,44.14357196
2015-07-20,43.45979351
2015-07-21,42.76877087
2015-07-22,42.56977712
2015-07-23,42.55149530
2015-07-24,41.57243793
2015-07-27,42.29659548
2015-07-28,43.78503188
2015-07-29,43.90548891
2015-07-30,43.71522012
2015-07-31,43.81413919
2015-08-03,44.06373446
2015-08-04,44.26490764
2015-08-05,44.24471029
2015-08-06,44.02026809
2015-08-07,43.75386270
2015-08-10,45.70483783
2015-08-11,44.32815690
2015-08-12,45.54645054
2015-08-13,44.35934496
2015-08-14,44.73129559
2015-08-17,44.88098490
2015-08-18,44.53390194
2015-08-19,43.43030580
2015-08-20,41.84112839
2015-08-21,40.09953505
2015-08-24,39.56500074
2015-08-25,38.91911638
2015-08-26,42.50627356
2015-08-27,43.49612624
2015-08-28,45.09618302
2015-08-31,45.36554936
2015-09-01,44.04864284
2015-09-02,45.78037287
2015-09-03,46.80930155
2015-09-04,45.77990245
2015-09-08,47.81944038
2015-09-09,47.33962194
2015-09-10,47.40147018
2015-09-11,47.81644048
2015-09-14,47.66367456
2015-09-15,48.37558921
2015-09-16,48.45935905
2015-09-17,48.33985852
2015-09-18,46.98657339
2015-09-21,47.29065107
2015-09-22,46.34569954
2015-09-23,46.50080135
2015-09-24,45.99918561
2015-09-25,46.73978995
2015-09-28,46.64135729
2015-09-29,47.71495901
2015-09-30,49.64435239
2015-10-01,49.35660928
2015-10-02,50.41982591
2015-10-05,51.82956953
2015-10-06,52.86026851
2015-10-07,53.95527302
2015-10-08,54.32682993
2015-10-09,53.49384455
2015-10-12,53.62687042
2015-10-13,53.25117662
2015-10-14,54.69237863
2015-10-15,54.57995190
2015-10-16,55.12337057
2015-10-19,56.13427037
2015-10-20,55.78618945
2015-10-21,55.62271812
2015-10-22,57.48452971
2015-10-23,58.34610949
2015-10-26,57.61095024
2015-10-27,57.32697852
2015-10-28,57.74999781
2015-10-29,56.14830906
2015-10-30,55.75567900
2015-11-02,56.21300051
2015-11-03,56.57767096
2015-11-04,56.19740078
2015-11-05,55.84004065
2015-11-06,55.45799929
2015-11-09,54.30243213
2015-11-10,53.97607526
2015-11-11,53.16479366
2015-11-12,52.11912960
2015-11-13,51.47093399
2015-11-16,51.44851862
2015-11-17,52.58075276
2015-11-18,53.63814845
2015-11-19,55.83111971
2015-11-20,56.49117774
2015-11-23,56.06571137
2015-11-24,55.78125777
2015-11-25,55.95149070
2015-11-27,55.97061492
2015-11-30,56.56447079
2015-12-01,57.17009855
2015-12-02,56.51979719
2015-12-03,54.60309773
2015-12-04,56.31710297
2015-12-07,56.40996988
2015-12-08,55.83136777
2015-12-09,55.94610002
2015-12-10,55.84787459
2015-12-11,54.63023229
2015-12-14,55.02856445
2015-12-15,56.40844081
2015-12-16,56.63683113
2015-12-17,55.67400686
2015-12-18,53.22350411
2015-12-21,53.95579323
2015-12-22,54.90531023
2015-12-23,55.41979515
2015-12-24,55.37226829
2015-12-28,55.25196006
2015-12-29,56.23697554
2015-12-30,55.14909525
2015-12-31,53.87882652
2016-01-04,52.82613349
2016-01-05,52.46402252
2016-01-06,50.80602921
2016-01-07,48.24582040
2016-01-08,47.59753015
2016-01-11,48.76293536
2016-01-12,50.03512227
2016-01-13,48.51568774
2016-01-14,50.17222171
2016-01-15,44.90381310
2016-01-19,44.98256887
2016-01-20,44.64231037
2016-01-21,44.78370931
2016-01-22,45.33073851
2016-01-25,44.78004324
2016-01-26,45.47319486
2016-01-27,45.25260831
2016-01-28,45.58257106
2016-01-29,47.68411353
2016-02-01,47.33051128
2016-02-02,45.57978769
2016-02-03,44.82043742
2016-02-04,45.67960470
2016-02-05,44.48533201
2016-02-08,44.13217142
2016-02-09,44.11600166
2016-02-10,43.18405927
2016-02-11,43.16808926
2016-02-12,44.05059305
2016-02-16,44.34318408
2016-02-17,45.76292391
2016-02-18,45.67717344
2016-02-19,44.47526253
2016-02-22,45.78136342
2016-02-23,44.86034351
2016-02-24,45.64781357
2016-02-25,46.50333658
2016-02-26,46.85894941
2016-02-29,46.49274896
2016-03-01,48.02500760
2016-03-02,48.35239111
2016-03-03,48.43001457
2016-03-04,48.52822497
2016-03-07,49.13816764
2016-03-08,48.42378097
2016-03-09,49.03765015
2016-03-10,49.78176354
2016-03-11,50.76173521
2016-03-14,50.11900070
2016-03-15,50.54299991
2016-03-16,50.62050997
2016-03-17,51.18382721
2016-03-18,52.51191274
2016-03-21,51.81649683
2016-03-22,51.77553344
2016-03-23,51.11884081
2016-03-24,50.87309057
2016-03-28,50.91303712
2016-03-29,51.86698960
2016-03-30,52.51138530
2016-03-31,51.74385737
2016-04-01,51.94203235
2016-04-04,50.98511712
2016-04-05,50.77400369
2016-04-06,51.14383402
2016-04-07,50.02004076
2016-04-08,50.18783367
2016-04-11,50.27261253
2016-04-12,50.67757523
2016-04-13,51.25054328
2016-04-14,50.52200437
2016-04-15,49.78151619
2016-04-18,50.19581506
2016-04-19,50.08537958
2016-04-20,50.96197153
2016-04-21,50.89388763
2016-04-22,50.14547420
2016-04-25,49.58445090
2016-04-26,49.60735710
2016-04-27,50.40821658
2016-04-28,48.96310052
2016-04-29,47.18151980
2016-05-02,47.94633609
2016-05-03,47.41804375
2016-05-04,46.35970678
2016-05-05,46.47865002
2016-05-06,46.81403236
2016-05-09,46.30879700
2016-05-10,47.12976525
2016-05-11,46.95818040
2016-05-12,46.31596957
2016-05-13,46.68623279
2016-05-16,47.85508573
2016-05-17,46.96189953
2016-05-18,46.98641000
2016-05-19,46.20568826
2016-05-20,47.48576184
2016-05-23,47.68029028
2016-05-24,49.64574554
2016-05-25,50.39817407
2016-05-26,50.62524307
2016-05-27,50.80820968
2016-05-31,50.85445038
2016-06-01,51.01812023
2016-06-02,51.25365871
2016-06-03,50.90560176
2016-06-06,51.05028827
2016-06-07,51.53384988
2016-06-08,51.55815109
2016-06-09,51.68118546
2016-06-10,51.92917498
2016-06-13,52.25271829
2016-06-14,52.17042166
2016-06-15,50.73659939
2016-06-16,50.94328895
2016-06-17,51.12551547
2016-06-20,52.18215400
2016-06-21,52.56322691
2016-06-22,52.47828133
2016-06-23,54.23116810
2016-06-24,50.35085564
2016-06-27,48.32665949
2016-06-28,49.49438403
2016-06-29,51.25579881
2016-06-30,53.20450780
2016-07-01,53.08064634
2016-07-05,52.90551704
2016-07-06,53.55033927
2016-07-07,54.05703899
2016-07-08,55.76178889
2016-07-11,56.53975827
2016-07-12,57.65433264
2016-07-13,57.79175359
2016-07-14,58.16601515
2016-07-15,57.80981092
2016-07-18,57.75454539
2016-07-19,57.95863659
2016-07-20,59.04375255
2016-07-21,55.23613995
2016-07-22,56.02713455
2016-07-25,56.08775333
2016-07-26,56.89250686
2016-07-27,56.21243943
2016-07-28,56.05538747
2016-07-29,56.24163350
2016-08-01,56.21473996
2016-08-02,55.43425451
2016-08-03,54.61106799
2016-08-04,55.32826703
2016-08-05,56.18064139
2016-08-08,56.30765113
2016-08-09,55.97807484
2016-08-10,54.91710998
2016-08-11,55.24843582
2016-08-12,54.94767257
2016-08-15,55.70464932
2016-08-16,56.36171273
2016-08-17,55.82902333
2016-08-18,55.68835457
2016-08-19,56.29234843
2016-08-22,56.55962070
2016-08-23,56.64936739
2016-08-24,55.91609683
2016-08-25,55.74022471
2016-08-26,56.13720408
2016-08-29,56.80839661
2016-08-30,57.15282893
2016-08-31,57.58791934
2016-09-01,57.88510248
2016-09-02,58.02298162
2016-09-06,59.13267005
2016-09-07,58.77839311
2016-09-08,58.71343705
2016-09-09,55.59361216
2016-09-12,57.07615326
2016-09-13,55.68944738
2016-09-14,55.71269383
2016-09-15,57.82544815
2016-09-16,60.10780763
2016-09-19,58.62729046
2016-09-20,58.56982947
2016-09-21,59.19931669
2016-09-22,59.40140510
2016-09-23,58.34478091
2016-09-26,56.80543594
2016-09-27,57.91232761
2016-09-28,58.44290897
2016-09-29,58.09958082
2016-09-30,58.97664817
2016-10-03,58.71538756
2016-10-04,58.36526762
2016-10-05,59.28983175
2016-10-06,59.45240362
2016-10-07,59.51397717
2016-10-10,59.27020411
2016-10-11,57.04534530
2016-10-12,56.64225383
2016-10-13,56.18146190
2016-10-14,57.24130938
2016-10-17,56.77640302
2016-10-18,57.77771171
2016-10-19,51.83855394
2016-10-20,51.64599429
2016-10-21,50.97292293
2016-10-24,51.22653123
2016-10-25,50.83802978
2016-10-26,50.40128750
2016-10-27,50.13398044
2016-10-28,49.96271914
2016-10-31,50.28305559
2016-11-01,49.41795955
2016-11-02,49.61917146
2016-11-03,47.99518371
2016-11-04,47.24511908
2016-11-07,49.92742710
2016-11-08,50.04685762
2016-11-09,50.07104107
2016-11-10,49.46291238
2016-11-11,49.73572116
2016-11-14,49.41554048
2016-11-15,50.48633688
2016-11-16,50.31025718
2016-11-17,50.75876724
2016-11-18,50.57845562
2016-11-21,50.65475242
2016-11-22,51.91144299
2016-11-23,51.17026830
2016-11-25,51.76973035
2016-11-28,51.94448879
2016-11-29,51.40400774
2016-11-30,49.79891328
2016-12-01,47.47866276
2016-12-02,48.51537651
2016-12-05,49.10208216
2016-12-06,49.93348989
2016-12-07,51.82264597
2016-12-08,52.29144669
2016-12-09,52.43246863
2016-12-12,52.92711025
2016-12-13,54.81325919
2016-12-14,54.14952208
2016-12-15,54.68453607
2016-12-16,53.41842414
2016-12-19,54.70540645
2016-12-20,55.39594763
2016-12-21,54.78623662
2016-12-22,54.65342354
2016-12-23,54.74256783
2016-12-27,54.96733602
2016-12-28,53.77388186
2016-12-29,53.84327628
2016-12-30,52.79678465
2017-01-03,53.57224930
2017-01-04,53.06250861
2017-01-05,52.90106386
2017-01-06,53.21429649
2017-01-09,53.52818510
2017-01-10,53.33250839
2017-01-11,54.32573286
2017-01-12,53.64693224
2017-01-13,53.84218682
2017-01-17,53.86685184
2017-01-18,53.75014213
2017-01-19,53.19415988
2017-01-20,54.13252328
2017-01-23,53.63079973
2017-01-24,55.71513221
2017-01-25,56.13916725
2017-01-26,55.42056947
2017-01-27,56.41222005
2017-01-30,54.76260372
2017-01-31,53.07378354
2017-02-01,52.25543998
2017-02-02,52.65089718
2017-02-03,52.21168269
2017-02-06,51.52953174
2017-02-07,51.73446969
2017-02-08,51.81207694
2017-02-09,49.34130136
2017-02-10,49.03155926
2017-02-13,50.24751307
2017-02-14,50.58588161
2017-02-15,50.89894359
2017-02-16,51.82882167
2017-02-17,52.00830700
2017-02-21,52.11186055
2017-02-22,50.85801447
2017-02-23,51.14981590
2017-02-24,52.06953218
2017-02-27,52.01269725
2017-02-28,51.13411671
2017-03-01,50.38131095
2017-03-02,50.32557198
2017-03-03,50.29731988
2017-03-06,49.36825366
2017-03-07,50.02172396
2017-03-08,49.51378791
2017-03-09,50.08575095
2017-03-10,50.34286192
2017-03-13,48.23979245
2017-03-14,48.29828799
2017-03-15,48.07755191
2017-03-16,48.19777652
2017-03-17,48.59068308
2017-03-20,49.07350979
2017-03-21,47.95846672
2017-03-22,48.95519610
2017-03-23,48.66832204
2017-03-24,48.35177713
2017-03-27,49.05542208
2017-03-28,49.69099963
2017-03-29,49.60122132
2017-03-30,50.15009398
2017-03-31,51.11141820
2017-04-03,51.37924446
2017-04-04,51.73727990
2017-04-05,51.54453651
2017-04-06,50.93424054
2017-04-07,50.93424054
2017-04-10,50.19219514
2017-04-11,49.99921221
2017-04-12,49.64378711
2017-04-13,48.43577126
2017-04-17,49.19572036
2017-04-18,50.13678574
2017-04-19,50.58556907
2017-04-20,51.44160090
2017-04-21,51.88059033
2017-04-24,53.20038327
2017-04-25,53.56138339
2017-04-26,53.74258441
2017-04-27,55.22134320
2017-04-28,50.98373959
2017-05-01,51.45665603
2017-05-02,53.34258346
2017-05-03,53.37045766
2017-05-04,52.95272644
2017-05-05,52.85577280
2017-05-08,51.95400983
2017-05-09,51.41312487
2017-05-10,50.28715705
2017-05-11,49.31220183
2017-05-12,48.83143794
2017-05-15,49.14615719
2017-05-16,49.74263708
2017-05-17,47.42342198
2017-05-18,47.99174643
2017-05-19,48.55651458
2017-05-22,49.69689709
2017-05-23,49.97088056
2017-05-24,50.75778719
2017-05-25,51.17774579
2017-05-26,51.17774579
2017-05-30,50.92177324
2017-05-31,50.69643455
2017-06-01,50.72806363
2017-06-02,51.36198656
2017-06-05,51.42545777
2017-06-06,50.71963180
2017-06-07,51.14124226
2017-06-08,51.84929686
2017-06-09,49.30919972
2017-06-12,49.37462860
2017-06-13,49.86750214
2017-06-14,48.74292659
2017-06-15,48.05116486
2017-06-16,47.73838700
2017-06-19,48.75470723
2017-06-20,46.75396502
2017-06-21,45.92936464
2017-06-22,45.29191291
2017-06-23,44.80389541
2017-06-26,44.46045953
2017-06-27,43.28113983
2017-06-28,45.21389177
2017-06-29,43.41102322
2017-06-30,44.09706161
2017-07-03,43.34980861
2017-07-05,46.25674702
2017-07-06,44.39023890
2017-07-07,45.18128052
2017-07-10,44.58863931
2017-07-11,45.44185276
2017-07-12,46.46511830
2017-07-13,46.43831827
2017-07-14,47.78442391
2017-07-17,47.20931180
2017-07-18,47.39303429
2017-07-19,47.48585143
2017-07-20,48.07509535
2017-07-21,48.01749431
2017-07-24,47.35481178
2017-07-25,47.89461810
2017-07-26,48.14873239
2017-07-27,48.84549933
2017-07-28,49.90215825
2017-07-31,50.39191215
2017-08-01,52.96062201
2017-08-02,53.76195626
2017-08-03,53.28511427
2017-08-04,52.68395565
2017-08-07,53.05201659
2017-08-08,52.98761415
2017-08-09,53.50355051
2017-08-10,52.05309387
2017-08-11,51.20715982
2017-08-14,52.56989798
2017-08-15,51.51287215
2017-08-16,50.93165021
2017-08-17,49.03874169
2017-08-18,48.58031117
2017-08-21,48.32224137
2017-08-22,47.55258088
2017-08-23,47.58397912
2017-08-24,47.74287343
2017-08-25,47.62556551
2017-08-28,47.56622884
2017-08-29,47.83033011
2017-08-30,48.35868799
2017-08-31,48.94943520
2017-09-01,49.01525146
2017-09-05,48.79164748
2017-09-06,51.18269376
2017-09-07,50.47113649
2017-09-08,49.36229565
2017-09-11,51.16790216
2017-09-12,52.12447333
2017-09-13,52.82834149
2017-09-14,53.26448436
2017-09-15,54.73792733
2017-09-18,54.73792733
2017-09-19,55.37974198
2017-09-20,54.83042587
2017-09-21,55.19714804
2017-09-22,55.12721287
2017-09-25,55.05636967
2017-09-26,55.94755628
2017-09-27,56.14697613
2017-09-28,56.96664495
2017-09-29,57.65954138
2017-10-02,60.16122969
2017-10-03,60.99030076
2017-10-04,60.83901664
2017-10-05,61.30207328
2017-10-06,61.54513833
2017-10-09,62.10118721
2017-10-10,61.27951274
2017-10-11,59.93710765
2017-10-12,59.52091711
2017-10-13,60.72941210
2017-10-16,60.95141317
2017-10-17,61.02600961
2017-10-18,62.15186560
2017-10-19,61.52402530
2017-10-20,62.34496340
2017-10-23,63.28107445
2017-10-24,63.55711059
2017-10-25,62.87700303
2017-10-26,64.18217029
2017-10-27,69.92791560
2017-10-30,69.81602339
2017-10-31,71.54239962
2017-11-01,73.23589742
2017-11-02,73.74319908
2017-11-03,71.07680797
2017-11-06,71.57132711
2017-11-07,71.68060434
2017-11-08,71.40185364
2017-11-09,70.01909243
2017-11-10,67.62496819
2017-11-13,67.88826192
2017-11-14,68.05897445
2017-11-15,66.74846024
2017-11-16,67.05450437
2017-11-17,63.85038042
2017-11-20,63.82000951
2017-11-21,64.37068824
2017-11-22,63.48137837
2017-11-24,63.65721701
2017-11-27,62.85798570
2017-11-28,63.29008073
2017-11-29,60.94960303
2017-11-30,62.55432350
2017-12-01,62.08847066
2017-12-04,61.53578072
2017-12-05,58.60759002
2017-12-06,58.62663683
2017-12-07,57.63031527
2017-12-08,58.15731963
2017-12-11,58.75554535
2017-12-12,57.86118385
2017-12-13,57.88091164
2017-12-14,57.66152846
2017-12-15,60.15399661
2017-12-18,63.04349539
2017-12-19,64.25152281
2017-12-20,65.02558668
2017-12-21,62.89757121
2017-12-22,62.74117923
2017-12-26,61.14552023
2017-12-27,61.19401951
2017-12-28,61.37357469
2017-12-29,61.21665838
2018-01-02,62.34120087
2018-01-03,58.37956826
2018-01-04,56.47681475
2018-01-05,57.00834339
2018-01-08,57.00834339
2018-01-09,54.52671480
2018-01-10,52.21810110
2018-01-11,53.83115216
2018-01-12,53.48855686
2018-01-16,53.28594588
2018-01-17,55.42924351
2018-01-18,55.57828287
2018-01-19,56.14098020
2018-01-22,57.63190541
2018-01-23,58.11394195
2018-01-24,56.94647863
2018-01-25,56.50628353
2018-01-26,63.10024155
2018-01-29,62.89762831
2018-01-30,60.54795450
2018-01-31,59.31863178
2018-02-01,58.41066348
2018-02-02,55.75720804
2018-02-05,53.09522441
2018-02-06,53.63314951
2018-02-07,54.03128908
2018-02-08,50.32362950
2018-02-09,51.96337241
2018-02-12,53.11599092
2018-02-13,52.57726664
2018-02-14,53.76156544
2018-02-15,54.43982519
2018-02-16,53.90444973
2018-02-20,54.85633815
2018-02-21,54.28705488
2018-02-22,54.07706835
2018-02-23,56.43636286
2018-02-26,58.00320050
2018-02-27,58.87408167
2018-02-28,57.92856240
2018-03-01,55.79997760
2018-03-02,57.05986447
2018-03-05,57.88339866
2018-03-06,58.88193602
2018-03-07,59.50157999
2018-03-08,58.64810096
2018-03-09,60.10120958
2018-03-12,59.12616877
2018-03-13,59.38585433
2018-03-14,59.46633302
2018-03-15,58.03560619
2018-03-16,58.33686401
2018-03-19,57.84241955
2018-03-20,58.59715523
2018-03-21,58.60761036
2018-03-22,57.53072929
2018-03-23,55.44709603
2018-03-26,58.67351028
2018-03-27,56.94191979
2018-03-28,54.91320659
2018-03-29,57.32190246
2018-04-02,53.61518836
2018-04-03,54.40176567
2018-04-04,54.62772240
2018-04-05,54.99577726
2018-04-06,53.20858731
2018-04-09,53.93529272
2018-04-10,55.52302442
2018-04-11,55.33158093
2018-04-12,56.77405221
2018-04-13,55.80247775
2018-04-16,56.27961103
2018-04-17,57.26869070
2018-04-18,57.32889231
2018-04-19,55.74502717
2018-04-20,54.97923264
2018-04-23,54.50532084
2018-04-24,54.82721375
2018-04-25,54.74853039
2018-04-26,56.26916819
2018-04-27,55.90357447
2018-04-30,54.65260354
2018-05-01,56.18659019
2018-05-02,55.05827883
2018-05-03,55.02526914
2018-05-04,55.47707894
2018-05-07,55.97122138
2018-05-08,56.24027031
2018-05-09,56.87371397
2018-05-10,57.43775861
2018-05-11,57.07055964
2018-05-14,57.27637432
2018-05-15,56.11223613
2018-05-16,56.76788919
2018-05-17,56.92221491
2018-05-18,55.37518730
2018-05-21,56.13311654
2018-05-22,56.25275456
2018-05-23,56.94987208
2018-05-24,56.39742286
2018-05-25,57.03241091
2018-05-29,56.88608475
2018-05-30,57.22050622
2018-05-31,56.62571899
2018-06-01,58.34797302
2018-06-04,58.03674173
2018-06-05,57.66188502
2018-06-06,58.11976240
2018-06-07,56.68768382
2018-06-08,55.68197311
2018-06-11,55.04859955
2018-06-12,55.34063625
2018-06-13,55.54595794
2018-06-14,56.04441117
2018-06-15,55.51141338
2018-06-18,53.25070176
2018-06-19,52.91487775
2018-06-20,53.45966242
2018-06-21,51.99556644
2018-06-22,52.31929333
2018-06-25,50.32890213
2018-06-26,49.22389167
2018-06-27,48.28184205
2018-06-28,48.81752638
2018-06-29,49.31803523
2018-07-02,49.84861147
2018-07-03,49.07132602
2018-07-05,50.44731458
2018-07-06,51.09729470
2018-07-09,51.60681018
2018-07-10,51.91831125
2018-07-11,50.85444131
2018-07-12,52.04985229
2018-07-13,51.90490458
2018-07-16,51.66883172
2018-07-17,51.37502105
2018-07-18,51.34080957
2018-07-19,51.62436940
2018-07-20,51.54223920
2018-07-23,51.98555825
2018-07-24,51.82904710
2018-07-25,52.11064425
2018-07-26,51.77863457
2018-07-27,46.75832100
2018-07-30,46.77001999
2018-07-31,47.25269701
2018-08-01,48.08071503
2018-08-02,48.85025355
2018-08-03,49.02205916
2018-08-06,48.65689008
2018-08-07,49.12344111
2018-08-08,49.42681522
2018-08-09,49.63796950
2018-08-10,48.17396338
2018-08-13,47.73063436
2018-08-14,47.36540285
2018-08-15,46.64047506
2018-08-16,46.32408032
2018-08-17,46.24717022
2018-08-20,45.58827721
2018-08-21,47.01930672
2018-08-22,46.38869953
2018-08-23,46.31123206
2018-08-24,47.18148173
2018-08-27,48.04929085
2018-08-28,48.32423035
2018-08-29,48.55048950
2018-08-30,47.94639551
2018-08-31,48.19030901
2018-09-04,47.62959034
2018-09-05,47.34390261
2018-09-06,46.79748626
2018-09-07,45.85110620
2018-09-10,45.67736966
2018-09-11,44.12642372
2018-09-12,44.12642372
2018-09-13,45.02588059
2018-09-14,44.99140088
2018-09-17,44.85186030
2018-09-18,45.81895408
2018-09-19,45.88982139
2018-09-20,47.35822870
2018-09-21,46.69633323
2018-09-24,47.04433799
2018-09-25,45.82882337
2018-09-26,45.57766049
2018-09-27,45.83607420
2018-09-28,47.80770121
2018-10-01,46.77744631
2018-10-02,48.97125604
2018-10-03,49.81168314
2018-10-04,49.02885780
2018-10-05,47.69951796
2018-10-08,47.69951796
2018-10-09,47.12441613
2018-10-10,45.11051234
2018-10-11,44.48166790
2018-10-12,45.36377130
2018-10-15,44.97299806
2018-10-16,46.84639727
2018-10-17,46.78902755
2018-10-18,45.74220296
2018-10-19,44.67195710
2018-10-22,46.00787153
2018-10-23,45.44513889
2018-10-24,43.25373587
2018-10-25,45.67139728
2018-10-26,47.33529716
2018-10-29,47.02789802
2018-10-30,49.72631704
2018-10-31,48.78517886
2018-11-01,50.24161147
2018-11-02,49.06768244
2018-11-05,49.98721721
2018-11-06,49.23145458
2018-11-07,50.77469223
2018-11-08,51.05224909
2018-11-09,50.11684679
2018-11-12,48.61590214
2018-11-13,49.39604862
2018-11-14,49.08917723
2018-11-15,50.15840516
2018-11-16,50.89771714
2018-11-19,50.02888464
2018-11-20,49.39945856
2018-11-21,49.02972514
2018-11-23,48.52763598
2018-11-26,49.50300154
2018-11-27,50.15655978
2018-11-28,50.97763514
2018-11-29,49.75533353
2018-11-30,51.39801726
2018-12-03,52.20628662
2018-12-04,49.76658538
2018-12-06,50.38008890
2018-12-07,48.32097018
2018-12-10,49.27977111
2018-12-11,49.44671881
2018-12-12,49.89013883
2018-12-13,50.34233721
2018-12-14,49.91469635
2018-12-17,49.14558487
2018-12-18,49.81018395
2018-12-19,47.72738065
2018-12-20,47.69937647
2018-12-21,47.04519865
2018-12-24,45.90344316
2018-12-26,48.54165790
2018-12-27,48.70777193
2018-12-28,49.09067663
2018-12-31,49.26820255
2019-01-02,49.41748982
2019-01-03,46.99251469
2019-01-04,49.63811765
2019-01-07,49.84300192
2019-01-08,50.12402264
2019-01-09,50.37814619
2019-01-10,50.89576913
2019-01-11,51.24326052
2019-01-14,50.67236239
2019-01-15,50.91177285
2019-01-16,50.44430324
2019-01-17,50.77637046
2019-01-18,51.47569299
2019-01-22,50.54381016
2019-01-23,50.21265344
2019-01-24,51.97512104
2019-01-25,49.32480193
2019-01-28,49.01681712
2019-01-29,48.85720964
2019-01-30,49.83313071
2019-01-31,49.43077291
2019-02-01,50.97193104
2019-02-04,51.42948028
2019-02-05,52.16052064
2019-02-06,52.04973793
2019-02-07,51.37472489
2019-02-08,50.98384074
2019-02-11,50.91322590
2019-02-12,52.10665046
2019-02-13,52.54137949
2019-02-14,52.86256873
2019-02-15,53.65888436
2019-02-19,53.37874594
2019-02-20,53.36785904
2019-02-21,53.38716522
2019-02-22,54.42200362
2019-02-25,54.99514556
2019-02-26,55.11730929
2019-02-27,55.12682716
2019-02-28,54.79644045
2019-03-01,55.12809328
2019-03-04,55.74877763
2019-03-05,55.43241502
2019-03-06,54.54968875
2019-03-07,54.12994645
2019-03-08,53.98530206
2019-03-11,54.87322634
2019-03-12,55.09576650
2019-03-13,55.89895811
2019-03-14,54.74288201
2019-03-15,55.63468351
2019-03-18,55.34842142
2019-03-19,55.41932381
2019-03-20,54.97602322
2019-03-21,55.81697991
2019-03-22,54.09015823
2019-03-25,53.50540433
2019-03-26,54.19689571
2019-03-27,53.85180720
2019-03-28,53.78969264
2019-03-29,54.41976973
2019-04-01,55.27015745
2019-04-02,55.07689722
2019-04-03,56.23734052
2019-04-04,56.68378874
2019-04-05,56.25985435
2019-04-08,56.34275927
2019-04-09,55.85889068
2019-04-10,56.31401577
2019-04-11,56.36714426
2019-04-12,57.02534855
2019-04-15,56.82874901
2019-04-16,57.28809549
2019-04-17,59.18565630
2019-04-18,59.08478318
2019-04-22,59.41596542
2019-04-23,59.35681665
2019-04-24,59.26693845
2019-04-25,57.62736053
2019-04-26,50.94729195
2019-04-29,49.46336345
2019-04-30,49.38589005
2019-05-01,49.07363092
2019-05-02,48.83841767
2019-05-03,50.22306602
2019-05-06,49.62066605
2019-05-07,48.79079568
2019-05-08,47.44052991
2019-05-09,44.78108986
2019-05-10,44.37607738
2019-05-13,43.02118238
2019-05-14,43.51984459
2019-05-15,44.06552156
2019-05-16,43.97921384
2019-05-17,43.36577864
2019-05-20,42.12563473
2019-05-21,43.24116749
2019-05-22,42.81279810
2019-05-23,43.46813687
2019-05-24,43.51775132
2019-05-28,42.56917423
2019-05-29,43.39621886
2019-05-30,44.01652092
2019-05-31,43.35068747
2019-06-03,42.79798974
2019-06-04,44.44748696
2019-06-05,44.21382162
2019-06-06,44.88815162
2019-06-07,46.00893749
2019-06-10,46.91670829
2019-06-11,46.97550254
2019-06-12,46.42196531
2019-06-13,46.87778749
2019-06-14,46.34039825
2019-06-17,46.27701341
2019-06-18,47.77638815
2019-06-19,47.45098074
2019-06-20,47.59598138
2019-06-21,47.92434840
2019-06-24,48.13218239
2019-06-25,47.25338172
2019-06-26,48.88182413
2019-06-27,48.06086696
2019-06-28,48.55372451
2019-07-01,48.77047947
2019-07-02,48.85558783
2019-07-03,49.34399193
2019-07-05,48.82312155
2019-07-08,48.51576840
2019-07-09,48.43239974
2019-07-10,49.01710453
2019-07-11,49.51005651
2019-07-12,51.13421647
2019-07-15,51.37491636
2019-07-16,50.18244455
2019-07-17,50.45293312
2019-07-18,51.12669989
2019-07-19,51.52836605
2019-07-22,52.81726182
2019-07-23,53.28452707
2019-07-24,54.61960003
2019-07-25,53.60885528
2019-07-26,52.86370077
2019-07-29,53.91379000
2019-07-30,52.86077595
2019-07-31,51.41282341
2019-08-01,50.13925482
2019-08-02,49.17312160
2019-08-05,47.24501724
2019-08-06,47.23401498
2019-08-07,46.97851097
2019-08-08,47.52996881
2019-08-09,46.20981796
2019-08-12,45.79727545
2019-08-13,47.35489828
2019-08-14,46.29787292
2019-08-15,46.11465646
2019-08-16,47.11492269
2019-08-19,48.00933369
2019-08-20,47.30805359
2019-08-21,47.98177243
2019-08-22,47.56623892
2019-08-23,45.59366283
2019-08-26,46.33875566
2019-08-27,46.62334639
2019-08-28,46.62334639
2019-08-29,47.96012098
2019-08-30,48.61364216
2019-09-03,48.12487694
2019-09-04,50.40946116
2019-09-05,51.72288075
2019-09-06,52.60874685
2019-09-09,53.31956299
2019-09-10,53.56239949
2019-09-11,54.57457492
2019-09-12,54.80150286
2019-09-13,54.21386328
2019-09-16,53.79008566
2019-09-17,53.47791177
2019-09-18,53.21443979
2019-09-19,52.99975363
2019-09-20,51.93576055
2019-09-23,52.14239646
2019-09-24,50.81124768
2019-09-25,52.18863728
2019-09-26,52.06524168
2019-09-27,51.89079460
2019-09-30,52.75212115
2019-10-01,51.78537995
2019-10-02,50.12544567
2019-10-03,50.87258356
2019-10-04,51.89046183
2019-10-07,51.52499034
2019-10-08,50.45429187
2019-10-09,51.32006554
2019-10-10,52.03511341
2019-10-11,53.12294882
2019-10-14,52.56695012
2019-10-15,53.67223821
2019-10-16,53.42188307
2019-10-17,52.68558803
2019-10-18,52.06792118
2019-10-21,52.93100210
2019-10-22,52.78057222
2019-10-23,52.41496558
2019-10-24,52.99650524
2019-10-25,57.38371924
2019-10-28,57.66832068
2019-10-29,57.12587629
2019-10-30,57.37793896
2019-10-31,57.28584825
2019-11-01,57.25917909
2019-11-04,58.34243566
2019-11-05,58.26063272
2019-11-06,58.31010297
2019-11-07,58.75692530
2019-11-08,58.97524583
2019-11-11,59.05528991
2019-11-12,58.83668082
2019-11-13,58.38304074
2019-11-14,58.26530148
2019-11-15,58.42496545
2019-11-18,58.73494954
2019-11-19,58.84241821
2019-11-20,58.15026555
2019-11-21,58.50280158
2019-11-22,57.56399458
2019-11-25,58.88229183
2019-11-26,58.97936088
2019-11-27,58.37287867
2019-11-29,57.66259246
2019-12-02,57.06469085
2019-12-03,54.71552778
2019-12-04,54.64368354
2019-12-05,54.71615279
2019-12-06,55.59286817
2019-12-09,55.17672432
2019-12-10,55.24962839
2019-12-11,55.83328767
2019-12-12,56.41068564
2019-12-13,56.69815693
2019-12-16,56.55610245
2019-12-17,55.92364040
2019-12-18,55.71797169
2019-12-19,56.70077638
2019-12-20,57.89027497
2019-12-23,58.21996545
2019-12-24,58.43245023
2019-12-26,58.91581880
2019-12-27,59.22122956
2019-12-30,58.44060581
2019-12-31,58.71694017
2020-01-02,59.88304382
2020-01-03,58.62589989
2020-01-06,58.34014548
2020-01-07,56.68934557
2020-01-08,56.73907654
2020-01-09,57.15131033
2020-01-10,56.55422360
2020-01-13,57.37092268
2020-01-14,57.10256781
2020-01-15,56.28370584
2020-01-16,57.19965599
2020-01-17,57.09840053
2020-01-21,58.28581016
2020-01-22,60.81353165
2020-01-23,61.45553331
2020-01-24,66.34378917
2020-01-27,62.03087788
2020-01-28,63.43759787
2020-01-29,62.02573421
2020-01-30,62.14796182
2020-01-31,58.66838524
2020-02-03,59.11685954
2020-02-04,60.05125593
2020-02-05,61.66003140
2020-02-06,61.32648472
2020-02-07,59.91757285
2020-02-10,60.23838724
2020-02-11,61.10989360
2020-02-12,61.15228031
2020-02-13,61.12521689
2020-02-14,60.89253407
2020-02-18,59.36694363
2020-02-19,60.23549954
2020-02-20,58.07776473
2020-02-21,56.69844695
2020-02-24,53.68845897
2020-02-25,51.50351603
2020-02-26,51.41976192
2020-02-27,47.66095833
2020-02-28,47.37552275
2020-03-02,49.98581453
2020-03-03,47.97771762
2020-03-04,50.45648160
2020-03-05,48.95293309
2020-03-06,47.94893989
2020-03-09,44.14699946
2020-03-10,46.86899285
2020-03-11,45.21034153
2020-03-12,41.29504905
2020-03-13,47.94573560
2020-03-16,42.53914350
2020-03-17,45.98500117
2020-03-18,44.75416071
2020-03-19,43.94643765
2020-03-20,43.89344374
2020-03-23,46.14216178
2020-03-24,47.74181890
2020-03-25,47.16663918
2020-03-26,49.48711916
2020-03-27,47.90443535
2020-03-30,49.51829175
2020-03-31,48.84349840
2020-04-01,47.76267857
2020-04-02,49.02589660
2020-04-03,48.91888578
2020-04-06,51.04030185
2020-04-07,51.02528744
2020-04-08,51.30656368
2020-04-09,50.37439197
2020-04-13,51.13880408
2020-04-14,52.08068585
2020-04-15,51.16584975
2020-04-16,52.08278767
2020-04-17,51.86129477
2020-04-20,51.25380495
2020-04-21,49.83688124
2020-04-22,51.63775188
2020-04-23,51.10958988
2020-04-24,51.21477001
2020-04-27,51.31630965
2020-04-28,50.94707074
2020-04-29,52.41998215
2020-04-30,51.48310797
2020-05-01,50.22578480
2020-05-04,50.48024780
2020-05-05,50.85320336
2020-05-06,51.06498472
2020-05-07,51.05978687
2020-05-08,51.31140612
2020-05-11,51.54418733
2020-05-12,50.61453952
2020-05-13,50.27054830
2020-05-14,50.96826032
2020-05-15,50.53832455
2020-05-18,51.39200787
2020-05-19,51.58348484
2020-05-20,53.01118609
2020-05-21,52.38586553
2020-05-22,52.52804712
2020-05-26,52.56914767
2020-05-27,53.19674255
2020-05-28,52.12871701
2020-05-29,52.76562973
2020-06-01,52.15258426
2020-06-02,52.28938128
2020-06-03,52.17866136
2020-06-04,52.73503612
2020-06-05,53.45946485
2020-06-08,53.05556362
2020-06-09,52.67549888
2020-06-10,53.12480433
2020-06-11,50.67009781
2020-06-12,50.45998746
2020-06-15,50.89039852
2020-06-16,51.05865630
2020-06-17,51.10969274
2020-06-18,50.86428281
2020-06-19,50.58749800
2020-06-22,50.86495278
2020-06-23,50.76024770
2020-06-24,50.24736416
2020-06-25,49.88960487
2020-06-26,49.26919668
2020-06-29,49.75301363
2020-06-30,50.72006003
2020-07-01,50.08001494
2020-07-02,50.27992991
2020-07-06,50.53768813
2020-07-07,49.75182938
2020-07-08,49.94463924
2020-07-09,49.82166905
2020-07-10,50.54414760
2020-07-13,49.91939183
2020-07-14,50.18271460
2020-07-15,50.21594580
2020-07-16,50.29003827
2020-07-17,50.87062186
2020-07-20,51.63773770
2020-07-21,51.31928237
2020-07-22,51.55528302
2020-07-23,51.08813399
2020-07-24,44.85779948
2020-07-27,44.28745595
2020-07-28,44.10320353
2020-07-29,43.45224492
2020-07-30,43.40775349
2020-07-31,43.26153674
2020-08-03,43.68390679
2020-08-04,44.29714810
2020-08-05,44.17354173
2020-08-06,43.96588103
2020-08-07,43.64437969
2020-08-10,44.55186678
2020-08-11,43.93001295
2020-08-12,44.69123556
2020-08-13,44.30636042
2020-08-14,44.56035442
2020-08-17,44.59146352
2020-08-18,44.41428660
2020-08-19,44.21039082
2020-08-20,44.88494433
2020-08-21,44.97343313
2020-08-24,44.88029264
2020-08-25,45.11940725
2020-08-26,45.21927804
2020-08-27,45.11505123
2020-08-28,45.98335294
2020-08-31,46.41800074
2020-09-01,46.30157345
2020-09-02,47.52145074
2020-09-03,46.16452233
2020-09-04,45.94246799
2020-09-08,45.11071735
2020-09-09,45.71640944
2020-09-10,45.24504700
2020-09-11,45.52164325
2020-09-14,45.63495442
2020-09-15,46.15120838
2020-09-16,46.47493822
2020-09-17,46.43662386
2020-09-18,46.10463094
2020-09-21,45.97266084
2020-09-22,46.18432979
2020-09-23,45.29877704
2020-09-24,45.61742638
2020-09-25,46.34565773
2020-09-28,47.70428893
2020-09-29,47.50749183
2020-09-30,48.04264809
2020-10-01,48.45873152
2020-10-02,47.42729847
2020-10-05,48.04817638
2020-10-06,47.77849424
2020-10-07,48.96046945
2020-10-08,49.58450884
2020-10-09,49.10540325
2020-10-12,50.05011106
2020-10-13,50.00564453
2020-10-14,49.75422849
2020-10-15,50.02762592
2020-10-16,50.31137209
2020-10-19,50.69658186
2020-10-20,49.62669884
2020-10-21,49.69233220
2020-10-22,50.06989068
2020-10-23,45.16429819
2020-10-26,44.02679643
2020-10-27,43.22004772
2020-10-28,42.20905021
2020-10-29,42.10829296
2020-10-30,42.27822008
2020-11-02,42.45984668
2020-11-03,42.85552146
2020-11-04,43.71230510
2020-11-05,43.69664806
2020-11-06,43.46737631
2020-11-09,43.68468647
2020-11-10,43.55513163
2020-11-11,44.50580001
2020-11-12,43.36460580
2020-11-13,43.89684272
2020-11-16,44.65297731
2020-11-17,44.10712518
2020-11-18,43.72058379
2020-11-19,44.31116447
2020-11-20,44.11804739
2020-11-23,44.82941930
2020-11-24,45.82258775
2020-11-25,45.86426331
2020-11-27,46.28391809
2020-11-30,47.21889076
2020-12-01,48.44421428
2020-12-02,48.78353392
2020-12-03,49.85804896
2020-12-04,50.81944689
2020-12-07,49.10770511
2020-12-08,49.57986247
2020-12-09,48.99571448
2020-12-10,49.18206303
2020-12-11,48.67820006
2020-12-14,49.41311170
2020-12-15,49.61116956
2020-12-16,50.05800070
2020-12-17,49.59152226
2020-12-18,46.59817974
2020-12-21,45.63353527
2020-12-22,45.46841133
2020-12-23,45.88707189
2020-12-24,46.40940042
2020-12-28,46.40940042
2020-12-29,48.77587488
2020-12-30,48.17979694
2020-12-31,49.23325005
2021-01-04,49.09115922
2021-01-05,50.00941013
2021-01-06,50.48226352
2021-01-07,51.51831845
2021-01-08,50.98161618
2021-01-11,50.87197115
2021-01-12,52.47622196
2021-01-13,55.68370503
2021-01-14,57.49017190
2021-01-15,55.81245242
2021-01-19,56.13166367
2021-01-20,56.65905448
2021-01-21,59.42060691
2021-01-22,54.06629690
2021-01-25,53.04517413
2021-01-26,52.85404338
2021-01-27,51.52594286
2021-01-28,53.34853031
2021-01-29,52.89244725
